id_avaliador,id_filme_TMDB,nota
imdb,20416,6.2
tmdb,20416,6.0
rottentomatoes,20416,4.8
imdb,9396,5.7
tmdb,9396,5.8
rottentomatoes,9396,1.0
imdb,57165,5.7
tmdb,57165,5.7
rottentomatoes,57165,2.7
imdb,795,6.7
tmdb,795,6.8
rottentomatoes,795,5.8
imdb,9374,6.6
tmdb,9374,6.7
rottentomatoes,9374,5.4
imdb,245891,7.4
tmdb,245891,7.4
rottentomatoes,245891,8.7
imdb,77951,5.2
tmdb,77951,6.0
imdb,140823,7.5
tmdb,140823,7.4
rottentomatoes,140823,7.9
imdb,38317,5.2
tmdb,38317,5.4
rottentomatoes,38317,1.4
imdb,15512,6.4
tmdb,15512,6.2
imdb,74,6.5
tmdb,74,6.5
rottentomatoes,74,7.5
imdb,19995,7.8
tmdb,19995,7.5
rottentomatoes,19995,8.2
imdb,455207,6.9
tmdb,455207,7.1
rottentomatoes,455207,9.1
imdb,19404,8.1
tmdb,19404,8.7
imdb,345911,6.3
tmdb,345911,6.3
rottentomatoes,345911,7.6
imdb,10022,5.6
tmdb,10022,6.1
rottentomatoes,10022,2.1
imdb,1552,7.0
tmdb,1552,6.7
rottentomatoes,1552,9.1
imdb,39691,4.4
tmdb,39691,5.2
rottentomatoes,39691,1.3
imdb,529426,5.6
tmdb,529426,7.3
imdb,1979,5.6
tmdb,1979,5.6
rottentomatoes,1979,3.7
imdb,100042,5.6
tmdb,100042,5.5
rottentomatoes,100042,3.0
imdb,105,8.5
tmdb,105,8.3
rottentomatoes,105,9.6
imdb,36557,8.0
tmdb,36557,7.5
rottentomatoes,36557,9.5
imdb,415,3.8
tmdb,415,4.3
rottentomatoes,415,1.1
imdb,6471,7.2
tmdb,6471,7.0
rottentomatoes,6471,8.1
imdb,299534,8.4
tmdb,299534,8.3
rottentomatoes,299534,9.4
imdb,879,6.8
tmdb,879,6.8
rottentomatoes,879,2.9
imdb,2118,8.2
tmdb,2118,7.8
rottentomatoes,2118,9.9
imdb,315837,6.3
tmdb,315837,6.0
rottentomatoes,315837,4.3
imdb,411268,6.1
tmdb,411268,5.9
imdb,23023,5.0
tmdb,23023,5.5
imdb,929,5.4
tmdb,929,5.6
rottentomatoes,929,1.5
imdb,80278,7.6
tmdb,80278,7.3
rottentomatoes,80278,8.1
imdb,379686,4.4
tmdb,379686,7.3
imdb,38757,7.7
tmdb,38757,7.6
rottentomatoes,38757,8.9
imdb,38745,4.9
tmdb,38745,5.2
rottentomatoes,38745,2.0
imdb,6116,3.6
tmdb,6116,4.9
imdb,1374,6.9
tmdb,1374,7.0
rottentomatoes,1374,4.0
imdb,1715,7.4
tmdb,1715,7.0
rottentomatoes,1715,7.1
imdb,157433,5.7
tmdb,157433,5.7
rottentomatoes,157433,5.8
imdb,1267,6.8
tmdb,1267,6.9
rottentomatoes,1267,6.7
imdb,225886,5.1
tmdb,225886,5.4
rottentomatoes,225886,1.6
imdb,597,7.8
tmdb,597,7.9
rottentomatoes,597,8.9
imdb,1620,6.3
tmdb,1620,6.1
rottentomatoes,1620,1.5
imdb,9679,6.5
tmdb,9679,6.4
imdb,10764,6.6
tmdb,10764,6.3
rottentomatoes,10764,6.5
imdb,81005,6.2
tmdb,81005,5.8
rottentomatoes,81005,5.2
imdb,36955,7.2
tmdb,36955,7.0
imdb,345920,6.8
tmdb,345920,7.3
rottentomatoes,345920,1.4
imdb,274857,6.7
tmdb,274857,6.5
imdb,1369,6.5
tmdb,1369,6.6
rottentomatoes,1369,3.5
imdb,259694,6.1
tmdb,259694,6.2
imdb,11688,7.4
tmdb,11688,7.6
rottentomatoes,11688,8.5
imdb,364324,5.1
tmdb,364324,5.6
imdb,7484,6.1
tmdb,7484,6.1
rottentomatoes,7484,4.8
imdb,11009,6.8
tmdb,11009,6.7
rottentomatoes,11009,8.2
imdb,109414,6.6
tmdb,109414,6.2
rottentomatoes,109414,8.3
imdb,607,7.3
tmdb,607,7.2
rottentomatoes,607,9.2
imdb,76341,8.1
tmdb,76341,7.5
rottentomatoes,76341,9.7
imdb,7737,6.2
tmdb,7737,6.3
rottentomatoes,7737,2.4
imdb,282631,7.1
tmdb,282631,7.1
imdb,140607,7.8
tmdb,140607,7.3
rottentomatoes,140607,9.2
imdb,1255,7.1
tmdb,1255,7.0
imdb,7131,6.1
tmdb,7131,6.3
rottentomatoes,7131,2.4
imdb,11667,4.0
tmdb,11667,4.5
rottentomatoes,11667,1.0
imdb,63,8.0
tmdb,63,7.6
imdb,137116,6.0
tmdb,137116,6.3
rottentomatoes,137116,4.0
imdb,341174,4.6
tmdb,341174,6.5
rottentomatoes,341174,1.1
imdb,82693,7.7
tmdb,82693,7.1
rottentomatoes,82693,9.2
imdb,397567,7.3
tmdb,397567,8.1
imdb,49519,7.2
tmdb,49519,6.9
rottentomatoes,49519,7.1
imdb,3036,6.4
tmdb,3036,6.4
rottentomatoes,3036,3.8
imdb,4464,7.3
tmdb,4464,7.0
rottentomatoes,4464,7.8
imdb,6038,6.2
tmdb,6038,6.1
rottentomatoes,6038,6.6
imdb,35791,5.8
tmdb,35791,6.1
rottentomatoes,35791,2.2
imdb,77877,6.5
tmdb,77877,7.1
rottentomatoes,77877,2.0
imdb,584,5.9
tmdb,584,6.4
rottentomatoes,584,3.6
imdb,529203,7.0
tmdb,529203,7.6
imdb,4547,6.8
tmdb,4547,6.7
rottentomatoes,4547,7.5
imdb,12405,8.0
tmdb,12405,7.7
rottentomatoes,12405,9.1
imdb,299536,8.4
tmdb,299536,8.3
rottentomatoes,299536,8.5
imdb,278924,5.7
tmdb,278924,5.9
rottentomatoes,278924,3.1
imdb,45243,6.5
tmdb,45243,6.4
rottentomatoes,45243,3.3
imdb,459151,5.9
tmdb,459151,7.7
imdb,1487,6.8
tmdb,1487,6.7
rottentomatoes,1487,8.1
imdb,11321,7.6
tmdb,11321,7.6
rottentomatoes,11321,2.6
imdb,515195,6.8
tmdb,515195,6.7
rottentomatoes,515195,6.3
imdb,1924,7.3
tmdb,1924,7.1
rottentomatoes,1924,9.4
imdb,146216,6.6
tmdb,146216,6.5
imdb,4935,8.2
tmdb,4935,8.4
imdb,12279,4.3
tmdb,12279,5.1
imdb,10246,6.2
tmdb,10246,6.5
imdb,6479,7.2
tmdb,6479,7.2
rottentomatoes,6479,6.8
imdb,9353,5.8
tmdb,9353,6.2
rottentomatoes,9353,4.0
imdb,497698,6.7
tmdb,497698,7.6
imdb,135397,7.0
tmdb,135397,6.7
rottentomatoes,135397,7.0
imdb,238636,6.4
tmdb,238636,6.7
rottentomatoes,238636,5.7
imdb,166424,4.2
tmdb,166424,4.4
rottentomatoes,166424,0.9
imdb,644,7.2
tmdb,644,7.0
rottentomatoes,644,7.4
imdb,89492,6.2
tmdb,89492,5.8
rottentomatoes,89492,5.1
imdb,10137,5.9
tmdb,10137,6.0
rottentomatoes,10137,6.7
imdb,193610,6.0
tmdb,193610,6.4
rottentomatoes,193610,2.5
imdb,10054,5.5
tmdb,10054,5.8
rottentomatoes,10054,9.3
imdb,160588,7.3
tmdb,160588,7.0
rottentomatoes,160588,9.1
imdb,423626,4.0
tmdb,423626,1.0
imdb,522162,6.7
tmdb,522162,7.1
imdb,82675,6.3
tmdb,82675,6.3
rottentomatoes,82675,2.2
imdb,207,8.1
tmdb,207,8.3
rottentomatoes,207,8.4
imdb,420818,6.8
tmdb,420818,7.2
rottentomatoes,420818,5.2
imdb,1726,7.9
tmdb,1726,7.6
rottentomatoes,1726,9.4
imdb,96,6.5
tmdb,96,6.4
rottentomatoes,96,4.7
imdb,44048,6.8
tmdb,44048,6.5
rottentomatoes,44048,8.7
imdb,75428,5.9
tmdb,75428,5.0
imdb,2164,7.1
tmdb,2164,7.0
rottentomatoes,2164,5.3
imdb,13680,6.1
tmdb,13680,6.4
rottentomatoes,13680,2.8
imdb,420814,7.3
tmdb,420814,7.3
rottentomatoes,420814,7.3
imdb,907,8.0
tmdb,907,7.6
rottentomatoes,907,8.4
imdb,3597,5.7
tmdb,3597,5.9
rottentomatoes,3597,4.3
imdb,238713,7.0
tmdb,238713,6.8
rottentomatoes,238713,9.5
imdb,241259,6.2
tmdb,241259,6.5
rottentomatoes,241259,2.9
imdb,324857,8.4
tmdb,324857,8.4
rottentomatoes,324857,9.7
imdb,11087,6.7
tmdb,11087,6.9
rottentomatoes,11087,6.3
imdb,1824,6.8
tmdb,1824,6.8
rottentomatoes,1824,4.5
imdb,333339,7.4
tmdb,333339,7.6
rottentomatoes,333339,7.2
imdb,257091,6.0
tmdb,257091,6.0
rottentomatoes,257091,2.8
imdb,6073,6.1
tmdb,6073,5.9
rottentomatoes,6073,5.4
imdb,9472,6.7
tmdb,9472,6.3
imdb,24428,8.0
tmdb,24428,7.7
rottentomatoes,24428,9.2
imdb,211954,7.5
tmdb,211954,7.7
imdb,2105,7.0
tmdb,2105,6.5
rottentomatoes,2105,6.1
imdb,80274,6.6
tmdb,80274,6.6
rottentomatoes,80274,6.2
imdb,8874,6.3
tmdb,8874,6.6
rottentomatoes,8874,7.3
imdb,530915,8.3
tmdb,530915,8.0
imdb,196325,7.0
tmdb,196325,6.7
imdb,71552,6.7
tmdb,71552,6.3
rottentomatoes,71552,4.5
imdb,72570,6.8
tmdb,72570,7.2
rottentomatoes,72570,3.1
imdb,290970,9.2
tmdb,290970,10.0
imdb,667,6.8
tmdb,667,6.6
rottentomatoes,667,7.3
imdb,45612,7.5
tmdb,45612,7.3
rottentomatoes,45612,9.2
imdb,460555,6.7
tmdb,460555,6.8
imdb,268531,6.2
tmdb,268531,6.2
imdb,168259,7.1
tmdb,168259,7.3
rottentomatoes,168259,8.2
imdb,436969,7.3
tmdb,436969,7.8
imdb,39254,7.0
tmdb,39254,6.9
rottentomatoes,39254,6.0
imdb,9032,6.4
tmdb,9032,6.4
rottentomatoes,9032,3.9
imdb,9506,6.2
tmdb,9506,6.1
rottentomatoes,9506,4.2
imdb,466272,7.6
tmdb,466272,7.4
imdb,17692,3.7
tmdb,17692,4.4
imdb,55382,6.2
tmdb,55382,5.9
imdb,1368,7.7
tmdb,1368,7.4
rottentomatoes,1368,8.5
imdb,258509,5.0
tmdb,258509,6.1
rottentomatoes,258509,1.5
imdb,834,6.7
tmdb,834,6.6
rottentomatoes,834,1.7
imdb,1593,6.4
tmdb,1593,6.5
rottentomatoes,1593,4.3
imdb,330457,6.8
tmdb,330457,7.3
rottentomatoes,330457,7.7
imdb,454,6.7
tmdb,454,6.8
rottentomatoes,454,7.2
imdb,2310,6.2
tmdb,2310,5.8
rottentomatoes,2310,7.1
imdb,504608,7.3
tmdb,504608,7.4
rottentomatoes,504608,8.9
imdb,12222,6.8
tmdb,12222,6.5
imdb,272,8.2
tmdb,272,7.7
rottentomatoes,272,8.4
imdb,346646,7.0
tmdb,346646,6.9
imdb,11806,5.7
tmdb,11806,5.8
rottentomatoes,11806,3.0
imdb,86718,6.5
tmdb,86718,6.7
imdb,503314,7.9
tmdb,503314,7.8
imdb,440472,7.0
tmdb,440472,7.1
imdb,1966,5.6
tmdb,1966,5.9
rottentomatoes,1966,1.6
imdb,205596,8.0
tmdb,205596,8.0
rottentomatoes,205596,8.9
imdb,7446,7.0
tmdb,7446,6.6
rottentomatoes,7446,8.2
imdb,184346,6.2
tmdb,184346,6.2
rottentomatoes,184346,2.9
imdb,3981,6.4
tmdb,3981,6.4
imdb,99861,7.3
tmdb,99861,7.3
rottentomatoes,99861,7.6
imdb,402900,6.3
tmdb,402900,7.0
imdb,1892,8.3
tmdb,1892,7.9
imdb,261023,6.9
tmdb,261023,6.4
rottentomatoes,261023,7.3
imdb,8676,5.7
tmdb,8676,5.7
rottentomatoes,8676,1.1
imdb,9705,6.5
tmdb,9705,6.2
rottentomatoes,9705,2.5
imdb,10327,4.8
tmdb,10327,5.6
imdb,77930,6.1
tmdb,77930,6.1
rottentomatoes,77930,7.9
imdb,699,6.7
tmdb,699,6.5
rottentomatoes,699,7.1
imdb,12185,6.9
tmdb,12185,6.6
rottentomatoes,12185,8.8
imdb,12092,7.4
tmdb,12092,7.2
rottentomatoes,12092,8.1
imdb,337404,7.4
tmdb,337404,8.2
imdb,1491,7.6
tmdb,1491,7.3
rottentomatoes,1491,7.4
imdb,520763,7.3
tmdb,520763,7.7
imdb,9366,7.7
tmdb,9366,7.5
rottentomatoes,9366,8.8
imdb,862,8.3
tmdb,862,8.0
rottentomatoes,862,10.0
imdb,284054,7.3
tmdb,284054,7.4
rottentomatoes,284054,9.6
imdb,406563,5.7
tmdb,406563,6.2
rottentomatoes,406563,3.3
imdb,216015,4.1
tmdb,216015,5.9
rottentomatoes,216015,2.5
imdb,274854,6.0
tmdb,274854,5.9
rottentomatoes,274854,1.8
imdb,2899,6.7
tmdb,2899,7.4
imdb,9944,6.6
tmdb,9944,6.5
rottentomatoes,9944,5.3
imdb,10200,5.5
tmdb,10200,5.5
rottentomatoes,10200,2.1
imdb,10336,5.2
tmdb,10336,5.3
rottentomatoes,10336,1.7
imdb,217923,6.4
tmdb,217923,6.2
imdb,9494,5.9
tmdb,9494,6.3
rottentomatoes,9494,5.6
imdb,658,7.7
tmdb,658,7.3
rottentomatoes,658,9.9
imdb,423204,6.4
tmdb,423204,6.5
rottentomatoes,423204,3.9
imdb,270946,6.7
tmdb,270946,6.5
imdb,12445,8.1
tmdb,12445,8.1
rottentomatoes,12445,9.6
imdb,521777,6.7
tmdb,521777,6.9
rottentomatoes,521777,8.0
imdb,22947,7.4
tmdb,22947,6.8
rottentomatoes,22947,9.1
imdb,818,6.2
tmdb,818,6.0
rottentomatoes,818,5.3
imdb,16995,7.1
tmdb,16995,6.8
rottentomatoes,16995,8.4
imdb,65754,7.8
tmdb,65754,7.4
rottentomatoes,65754,8.6
imdb,267935,6.4
tmdb,267935,6.2
rottentomatoes,267935,7.4
imdb,293167,6.6
tmdb,293167,6.5
rottentomatoes,293167,7.5
imdb,314365,8.1
tmdb,314365,7.8
rottentomatoes,314365,9.7
imdb,323675,5.9
tmdb,323675,6.3
rottentomatoes,323675,1.3
imdb,132232,6.2
tmdb,132232,6.2
rottentomatoes,132232,6.4
imdb,5279,7.2
tmdb,5279,6.9
rottentomatoes,5279,8.6
imdb,2080,6.6
tmdb,2080,6.3
imdb,10021,6.5
tmdb,10021,6.4
rottentomatoes,10021,5.7
imdb,11353,6.4
tmdb,11353,6.2
rottentomatoes,11353,8.1
imdb,126889,6.4
tmdb,126889,6.0
rottentomatoes,126889,6.5
imdb,283366,6.7
tmdb,283366,6.8
rottentomatoes,283366,6.4
imdb,524434,6.8
tmdb,524434,7.1
imdb,399055,7.3
tmdb,399055,7.3
rottentomatoes,399055,9.2
imdb,873,7.8
tmdb,873,7.8
rottentomatoes,873,8.1
imdb,1677,7.7
tmdb,1677,7.4
rottentomatoes,1677,8.0
imdb,8489,6.8
tmdb,8489,6.8
rottentomatoes,8489,6.8
imdb,41513,5.4
tmdb,41513,5.8
rottentomatoes,41513,2.1
imdb,181808,6.9
tmdb,181808,6.9
rottentomatoes,181808,9.0
imdb,12150,6.8
tmdb,12150,6.7
rottentomatoes,12150,7.6
imdb,2268,6.1
tmdb,2268,6.0
rottentomatoes,2268,4.2
imdb,298312,6.3
tmdb,298312,6.3
rottentomatoes,298312,6.8
imdb,68734,7.7
tmdb,68734,7.3
rottentomatoes,68734,9.6
imdb,819,7.6
tmdb,819,7.6
imdb,36657,7.4
tmdb,36657,7.0
rottentomatoes,36657,8.1
imdb,5994,6.8
tmdb,5994,6.7
rottentomatoes,5994,5.3
imdb,257211,7.1
tmdb,257211,7.2
rottentomatoes,257211,6.0
imdb,11172,6.5
tmdb,11172,6.4
rottentomatoes,11172,6.3
imdb,585,8.1
tmdb,585,7.8
rottentomatoes,585,9.6
imdb,6519,5.1
tmdb,6519,5.5
rottentomatoes,6519,1.4
imdb,17704,7.2
tmdb,17704,7.2
imdb,351286,6.2
tmdb,351286,6.6
rottentomatoes,351286,4.7
imdb,1268,6.4
tmdb,1268,6.3
rottentomatoes,1268,5.2
imdb,54518,1.6
tmdb,54518,5.3
rottentomatoes,54518,6.5
imdb,17578,7.3
tmdb,17578,6.8
rottentomatoes,17578,7.4
imdb,296098,7.6
tmdb,296098,7.2
rottentomatoes,296098,9.0
imdb,567646,7.1
tmdb,567646,7.0
imdb,23827,6.3
tmdb,23827,6.0
imdb,1640,7.7
tmdb,1640,7.3
rottentomatoes,1640,7.4
imdb,403,7.4
tmdb,403,7.2
imdb,409,7.4
tmdb,409,7.2
rottentomatoes,409,8.5
imdb,1642,6.0
tmdb,1642,6.0
rottentomatoes,1642,4.1
imdb,620,7.8
tmdb,620,7.4
imdb,109445,7.4
tmdb,109445,7.3
rottentomatoes,109445,9.0
imdb,396535,7.6
tmdb,396535,7.8
imdb,14836,7.7
tmdb,14836,7.8
rottentomatoes,14836,9.0
imdb,254,7.2
tmdb,254,6.8
rottentomatoes,254,8.4
imdb,9397,6.1
tmdb,9397,6.0
rottentomatoes,9397,4.3
imdb,72559,5.8
tmdb,72559,5.6
rottentomatoes,72559,2.8
imdb,6623,6.0
tmdb,6623,6.0
rottentomatoes,6623,4.3
imdb,9880,6.4
tmdb,9880,6.9
rottentomatoes,9880,4.8
imdb,1581,6.9
tmdb,1581,7.1
rottentomatoes,1581,4.9
imdb,2005,6.4
tmdb,2005,6.8
rottentomatoes,2005,7.4
imdb,321612,7.1
tmdb,321612,7.0
rottentomatoes,321612,7.1
imdb,49013,6.1
tmdb,49013,6.0
rottentomatoes,49013,3.9
imdb,51739,7.6
tmdb,51739,7.6
imdb,9530,5.5
tmdb,9530,5.9
rottentomatoes,9530,2.3
imdb,262500,6.2
tmdb,262500,6.4
rottentomatoes,262500,2.8
imdb,913,6.9
tmdb,913,6.7
rottentomatoes,913,7.0
imdb,8273,6.3
tmdb,8273,6.2
rottentomatoes,8273,5.4
imdb,87421,6.4
tmdb,87421,6.3
rottentomatoes,87421,5.7
imdb,60308,7.6
tmdb,60308,7.2
rottentomatoes,60308,9.4
imdb,10693,7.3
tmdb,10693,7.2
rottentomatoes,10693,8.1
imdb,9334,5.5
tmdb,9334,5.6
rottentomatoes,9334,4.1
imdb,417859,6.6
tmdb,417859,6.4
rottentomatoes,417859,8.6
imdb,260513,7.6
tmdb,260513,7.5
rottentomatoes,260513,9.3
imdb,534,6.5
tmdb,534,6.0
rottentomatoes,534,3.3
imdb,4614,6.4
tmdb,4614,6.3
rottentomatoes,4614,6.0
imdb,364689,6.8
tmdb,364689,7.2
rottentomatoes,364689,7.2
imdb,379149,7.0
tmdb,379149,6.8
rottentomatoes,379149,6.5
imdb,801,7.3
tmdb,801,7.4
rottentomatoes,801,9.0
imdb,7326,7.4
tmdb,7326,7.0
rottentomatoes,7326,9.4
imdb,175574,5.8
tmdb,175574,5.9
rottentomatoes,175574,2.0
imdb,106,7.8
tmdb,106,7.5
rottentomatoes,106,8.1
imdb,11324,8.2
tmdb,11324,8.2
rottentomatoes,11324,6.8
imdb,521029,5.9
tmdb,521029,6.4
rottentomatoes,521029,6.4
imdb,3131,7.5
tmdb,3131,7.3
rottentomatoes,3131,7.3
imdb,381890,6.2
tmdb,381890,6.4
imdb,8643,6.7
tmdb,8643,6.5
rottentomatoes,8643,4.4
imdb,2135,6.0
tmdb,2135,6.2
rottentomatoes,2135,2.9
imdb,441909,5.9
tmdb,441909,6.2
imdb,64328,7.1
tmdb,64328,6.7
rottentomatoes,64328,9.5
imdb,1771,6.9
tmdb,1771,7.0
rottentomatoes,1771,8.0
imdb,299687,5.2
tmdb,299687,5.9
rottentomatoes,299687,1.5
imdb,337339,6.6
tmdb,337339,6.9
rottentomatoes,337339,6.7
imdb,1428,6.4
tmdb,1428,6.3
imdb,561,7.0
tmdb,561,7.0
rottentomatoes,561,4.6
imdb,76726,7.0
tmdb,76726,6.8
rottentomatoes,76726,8.5
imdb,95,6.7
tmdb,95,6.8
rottentomatoes,95,3.8
imdb,134374,6.4
tmdb,134374,6.2
rottentomatoes,134374,5.0
imdb,266856,7.7
tmdb,266856,7.9
rottentomatoes,266856,8.0
imdb,381902,5.9
tmdb,381902,5.8
imdb,3050,5.4
tmdb,3050,5.7
imdb,16690,5.8
tmdb,16690,6.4
rottentomatoes,16690,4.5
imdb,137113,7.9
tmdb,137113,7.6
imdb,1907,6.7
tmdb,1907,6.4
rottentomatoes,1907,2.0
imdb,37821,5.5
tmdb,37821,5.9
rottentomatoes,37821,1.0
imdb,464052,5.4
tmdb,464052,6.6
imdb,27576,6.4
tmdb,27576,6.4
rottentomatoes,27576,6.2
imdb,68721,7.1
tmdb,68721,6.9
rottentomatoes,68721,7.9
imdb,381284,7.8
tmdb,381284,8.1
imdb,8741,7.6
tmdb,8741,7.5
rottentomatoes,8741,8.0
imdb,72105,6.9
tmdb,72105,6.4
rottentomatoes,72105,6.9
imdb,1165,7.3
tmdb,1165,7.0
rottentomatoes,1165,9.6
imdb,795607,6.9
tmdb,795607,7.2
imdb,9986,6.3
tmdb,9986,6.2
rottentomatoes,9986,7.8
imdb,533,7.4
tmdb,533,7.0
rottentomatoes,533,9.5
tmdb,123052,9.3
imdb,1124,8.5
tmdb,1124,8.2
rottentomatoes,1124,7.6
imdb,544,7.1
tmdb,544,6.6
rottentomatoes,544,8.3
imdb,19585,5.1
tmdb,19585,5.4
rottentomatoes,19585,2.2
imdb,11665,6.5
tmdb,11665,6.2
rottentomatoes,11665,5.0
imdb,11635,7.1
tmdb,11635,6.6
rottentomatoes,11635,6.0
imdb,39513,7.0
tmdb,39513,6.7
rottentomatoes,39513,7.0
imdb,12107,4.4
tmdb,12107,5.0
rottentomatoes,12107,2.6
imdb,955,6.1
tmdb,955,6.1
imdb,210577,8.1
tmdb,210577,7.9
rottentomatoes,210577,8.7
imdb,294272,6.7
tmdb,294272,6.4
rottentomatoes,294272,8.8
imdb,156022,7.2
tmdb,156022,7.2
rottentomatoes,156022,5.9
imdb,90724,8.9
tmdb,90724,9.2
imdb,9016,7.2
tmdb,9016,7.5
rottentomatoes,9016,6.9
imdb,447200,5.8
tmdb,447200,6.3
rottentomatoes,447200,4.8
imdb,637,8.6
tmdb,637,8.5
imdb,11637,4.7
tmdb,11637,5.6
rottentomatoes,11637,1.2
imdb,10067,4.4
tmdb,10067,4.9
rottentomatoes,10067,2.6
imdb,11003,6.9
tmdb,11003,6.8
rottentomatoes,11003,6.8
imdb,5503,7.8
tmdb,5503,7.4
rottentomatoes,5503,9.6
imdb,535544,7.4
tmdb,535544,7.2
rottentomatoes,535544,8.4
imdb,435,6.4
tmdb,435,6.5
rottentomatoes,435,4.4
imdb,9675,7.5
tmdb,9675,7.0
rottentomatoes,9675,9.7
imdb,5375,5.6
tmdb,5375,5.7
rottentomatoes,5375,2.1
imdb,1535,7.1
tmdb,1535,6.9
rottentomatoes,1535,6.6
imdb,1422,8.5
tmdb,1422,8.2
rottentomatoes,1422,9.1
imdb,122906,7.8
tmdb,122906,7.9
rottentomatoes,122906,6.8
imdb,290595,6.1
tmdb,290595,6.3
rottentomatoes,290595,1.9
imdb,170882,5.6
imdb,2907,6.9
tmdb,2907,7.0
rottentomatoes,2907,6.4
imdb,228161,6.6
tmdb,228161,6.8
rottentomatoes,228161,5.1
imdb,35019,6.1
tmdb,35019,6.3
imdb,2649,7.7
tmdb,2649,7.6
rottentomatoes,2649,7.4
imdb,211672,6.4
tmdb,211672,6.4
rottentomatoes,211672,5.5
imdb,297,7.2
tmdb,297,7.2
rottentomatoes,297,4.5
imdb,708,6.7
tmdb,708,6.5
rottentomatoes,708,7.3
imdb,1817,7.0
tmdb,1817,6.8
imdb,331,5.9
tmdb,331,6.1
rottentomatoes,331,4.9
imdb,43074,6.5
tmdb,43074,5.4
rottentomatoes,43074,7.4
imdb,246655,6.9
tmdb,246655,6.5
rottentomatoes,246655,4.7
imdb,2655,6.6
tmdb,2655,6.4
rottentomatoes,2655,4.6
imdb,6068,5.8
tmdb,6068,6.0
imdb,11283,6.6
tmdb,11283,6.6
imdb,15472,7.8
tmdb,15472,7.5
imdb,50646,7.4
tmdb,50646,7.2
rottentomatoes,50646,7.9
imdb,271110,7.8
tmdb,271110,7.4
rottentomatoes,271110,9.1
imdb,484247,6.8
tmdb,484247,6.6
rottentomatoes,484247,8.4
imdb,887346,8.1
imdb,1250,5.3
tmdb,1250,5.5
rottentomatoes,1250,2.6
imdb,280217,6.6
tmdb,280217,6.7
imdb,8914,5.9
tmdb,8914,5.9
rottentomatoes,8914,5.9
imdb,150689,6.9
tmdb,150689,6.8
rottentomatoes,150689,8.4
imdb,8346,6.6
tmdb,8346,6.5
rottentomatoes,8346,7.6
imdb,71,7.7
tmdb,71,7.6
rottentomatoes,71,8.5
imdb,587,8.0
tmdb,587,7.8
rottentomatoes,587,7.5
imdb,82990,4.6
tmdb,82990,5.4
rottentomatoes,82990,2.3
imdb,37786,4.5
tmdb,37786,6.1
rottentomatoes,37786,1.6
imdb,588,6.5
tmdb,588,6.5
rottentomatoes,588,3.1
imdb,337167,4.5
tmdb,337167,6.7
rottentomatoes,337167,1.1
imdb,942,7.2
tmdb,942,7.0
rottentomatoes,942,8.2
imdb,157,6.7
tmdb,157,6.6
imdb,297802,6.9
tmdb,297802,6.9
imdb,190859,7.3
tmdb,190859,7.4
imdb,10946,8.0
tmdb,10946,7.6
imdb,8536,6.8
tmdb,8536,6.7
imdb,309302,6.7
tmdb,309302,6.5
imdb,112949,6.7
tmdb,112949,7.3
rottentomatoes,112949,1.3
imdb,1656,6.0
tmdb,1656,6.1
imdb,1639,3.9
tmdb,1639,4.5
imdb,8488,6.6
tmdb,8488,6.5
rottentomatoes,8488,6.9
imdb,268896,5.6
tmdb,268896,6.1
imdb,40805,5.8
tmdb,40805,5.5
rottentomatoes,40805,4.5
imdb,10199,6.1
tmdb,10199,6.0
rottentomatoes,10199,5.7
imdb,953,6.9
tmdb,953,6.9
rottentomatoes,953,5.4
imdb,9291,6.4
tmdb,9291,6.6
rottentomatoes,9291,3.1
imdb,510,8.7
tmdb,510,8.4
rottentomatoes,510,9.4
imdb,682,6.7
tmdb,682,6.4
rottentomatoes,682,4.1
imdb,10708,5.6
tmdb,10708,5.9
rottentomatoes,10708,2.7
imdb,274862,6.0
tmdb,274862,6.5
rottentomatoes,274862,5.6
imdb,429617,7.4
tmdb,429617,7.5
rottentomatoes,429617,9.0
imdb,858,6.8
tmdb,858,6.7
imdb,1934,7.1
tmdb,1934,6.9
rottentomatoes,1934,9.2
imdb,10555,6.0
tmdb,10555,6.0
rottentomatoes,10555,3.6
imdb,305470,5.9
tmdb,305470,6.3
imdb,62177,7.1
tmdb,62177,7.0
rottentomatoes,62177,7.8
imdb,37137,6.9
tmdb,37137,6.8
imdb,9383,5.8
tmdb,9383,5.9
rottentomatoes,9383,2.7
imdb,13387,6.1
tmdb,13387,6.1
rottentomatoes,13387,3.9
imdb,309809,7.7
tmdb,309809,7.6
imdb,9602,7.1
tmdb,9602,6.8
rottentomatoes,9602,6.5
imdb,8204,6.5
tmdb,8204,6.6
rottentomatoes,8204,8.0
imdb,1572,7.6
tmdb,1572,7.2
rottentomatoes,1572,5.9
imdb,72197,6.7
tmdb,72197,6.4
imdb,11007,5.9
tmdb,11007,6.3
rottentomatoes,11007,2.4
imdb,299537,6.8
tmdb,299537,6.9
rottentomatoes,299537,7.9
imdb,9760,2.4
tmdb,9760,3.9
rottentomatoes,9760,0.2
imdb,62838,5.7
tmdb,62838,5.9
rottentomatoes,62838,0.7
imdb,8055,7.6
tmdb,8055,7.4
rottentomatoes,8055,6.3
imdb,346648,7.8
tmdb,346648,7.5
imdb,1891,8.7
tmdb,1891,8.4
imdb,157350,6.6
tmdb,157350,6.9
rottentomatoes,157350,4.1
imdb,109428,6.5
tmdb,109428,6.4
rottentomatoes,109428,6.2
imdb,665,8.1
tmdb,665,7.8
rottentomatoes,665,8.6
imdb,6950,6.6
tmdb,6950,6.5
rottentomatoes,6950,6.0
imdb,233308,6.5
tmdb,233308,6.8
imdb,8835,6.4
tmdb,8835,6.7
rottentomatoes,8835,7.0
imdb,339403,7.6
tmdb,339403,7.5
rottentomatoes,339403,9.2
imdb,287947,7.0
tmdb,287947,7.1
rottentomatoes,287947,9.0
imdb,20352,7.6
tmdb,20352,7.2
rottentomatoes,20352,8.1
imdb,110415,7.1
tmdb,110415,6.9
imdb,325133,5.7
tmdb,325133,5.8
rottentomatoes,325133,6.4
imdb,2502,7.7
tmdb,2502,7.3
rottentomatoes,2502,8.2
imdb,7300,6.5
tmdb,7300,6.4
rottentomatoes,7300,5.0
imdb,107846,6.7
tmdb,107846,6.7
rottentomatoes,107846,5.0
imdb,9513,5.0
tmdb,9513,5.5
rottentomatoes,9513,1.1
imdb,38356,6.2
tmdb,38356,6.1
rottentomatoes,38356,3.5
imdb,214,6.2
tmdb,214,6.4
rottentomatoes,214,2.8
imdb,11395,6.5
tmdb,11395,6.4
imdb,48340,5.9
tmdb,48340,5.9
rottentomatoes,48340,2.9
imdb,37958,6.0
tmdb,37958,5.9
rottentomatoes,37958,4.6
imdb,55721,6.8
tmdb,55721,6.5
rottentomatoes,55721,9.0
imdb,439079,5.3
tmdb,439079,5.8
rottentomatoes,439079,2.5
imdb,228326,7.3
tmdb,228326,7.5
rottentomatoes,228326,8.2
imdb,4349,7.0
tmdb,4349,6.7
rottentomatoes,4349,5.1
imdb,281957,8.0
tmdb,281957,7.5
rottentomatoes,281957,7.8
imdb,10357,5.5
tmdb,10357,5.8
rottentomatoes,10357,5.0
imdb,82,6.0
tmdb,82,5.9
rottentomatoes,82,4.7
imdb,294992,6.4
tmdb,294992,6.6
imdb,45772,5.9
tmdb,45772,5.8
imdb,921,8.0
tmdb,921,7.5
rottentomatoes,921,8.0
imdb,9326,6.9
tmdb,9326,6.7
rottentomatoes,9326,8.5
imdb,336843,6.3
tmdb,336843,7.1
rottentomatoes,336843,4.3
imdb,509,7.1
tmdb,509,7.2
rottentomatoes,509,8.3
imdb,122,8.9
tmdb,122,8.5
rottentomatoes,122,9.3
imdb,8681,7.8
tmdb,8681,7.4
imdb,41446,6.2
tmdb,41446,6.3
rottentomatoes,41446,6.0
imdb,6280,4.7
tmdb,6280,5.1
rottentomatoes,6280,3.6
imdb,12193,5.7
tmdb,12193,5.8
rottentomatoes,12193,2.5
imdb,338967,6.7
tmdb,338967,7.0
rottentomatoes,338967,6.8
imdb,508439,7.4
tmdb,508439,7.8
rottentomatoes,508439,8.8
imdb,372399,6.8
tmdb,372399,6.4
imdb,72190,7.0
tmdb,72190,6.8
rottentomatoes,72190,6.6
imdb,8839,6.1
tmdb,8839,6.3
rottentomatoes,8839,5.1
imdb,25,7.0
tmdb,25,6.6
rottentomatoes,25,6.1
imdb,9487,7.2
tmdb,9487,7.0
rottentomatoes,9487,9.2
imdb,32657,5.9
tmdb,32657,6.2
rottentomatoes,32657,4.9
imdb,375588,5.3
tmdb,375588,5.9
rottentomatoes,375588,1.5
imdb,37724,7.8
tmdb,37724,7.2
rottentomatoes,37724,9.2
imdb,4944,7.0
tmdb,4944,6.6
rottentomatoes,4944,7.8
imdb,4970,5.8
tmdb,4970,6.1
rottentomatoes,4970,1.5
imdb,6844,7.9
tmdb,6844,7.7
rottentomatoes,6844,8.9
imdb,11050,7.4
tmdb,11050,7.1
rottentomatoes,11050,7.8
imdb,846,7.0
tmdb,846,6.8
imdb,5559,6.1
tmdb,5559,6.0
rottentomatoes,5559,5.0
imdb,49018,6.8
tmdb,49018,6.9
imdb,11096,6.0
tmdb,11096,6.4
rottentomatoes,11096,1.3
imdb,9737,6.9
tmdb,9737,6.8
rottentomatoes,9737,4.2
imdb,60304,6.1
tmdb,60304,6.0
imdb,181533,6.2
tmdb,181533,6.2
rottentomatoes,181533,4.7
imdb,9567,6.6
tmdb,9567,6.8
rottentomatoes,9567,3.3
imdb,345940,5.6
tmdb,345940,6.2
rottentomatoes,345940,4.6
imdb,20048,5.9
tmdb,20048,6.4
rottentomatoes,20048,2.5
imdb,1724,6.6
tmdb,1724,6.2
rottentomatoes,1724,6.7
imdb,2770,6.4
tmdb,2770,6.2
rottentomatoes,2770,5.2
imdb,91314,5.6
tmdb,91314,5.9
rottentomatoes,91314,1.8
imdb,853,7.6
tmdb,853,7.4
rottentomatoes,853,5.3
imdb,440021,6.6
tmdb,440021,6.6
rottentomatoes,440021,7.1
imdb,333371,7.2
tmdb,333371,7.0
rottentomatoes,333371,9.0
imdb,1370,5.8
tmdb,1370,6.1
rottentomatoes,1370,3.9
imdb,4248,5.3
tmdb,4248,5.8
rottentomatoes,4248,1.5
imdb,489,8.3
tmdb,489,8.1
rottentomatoes,489,9.7
imdb,11449,6.2
tmdb,11449,6.3
rottentomatoes,11449,2.7
imdb,13804,6.6
tmdb,13804,6.7
rottentomatoes,13804,2.9
imdb,404368,7.0
tmdb,404368,7.2
rottentomatoes,404368,8.8
imdb,12599,6.1
tmdb,12599,6.6
imdb,254470,6.4
tmdb,254470,6.9
rottentomatoes,254470,6.5
imdb,187017,7.0
tmdb,187017,6.9
rottentomatoes,187017,8.5
imdb,188161,6.1
tmdb,188161,6.0
rottentomatoes,188161,3.3
imdb,174,7.2
tmdb,174,7.0
imdb,170687,6.8
tmdb,170687,6.7
rottentomatoes,170687,7.7
imdb,9023,7.2
tmdb,9023,7.7
imdb,49026,8.4
tmdb,49026,7.8
rottentomatoes,49026,8.7
imdb,660,7.0
tmdb,660,6.6
rottentomatoes,660,8.6
imdb,575813,7.6
tmdb,575813,8.4
imdb,577922,7.4
tmdb,577922,7.3
imdb,10228,6.3
tmdb,10228,6.9
imdb,497,8.6
tmdb,497,8.5
rottentomatoes,497,7.8
imdb,38778,5.9
tmdb,38778,5.6
rottentomatoes,38778,4.2
imdb,124905,6.4
tmdb,124905,6.2
rottentomatoes,124905,7.6
imdb,116745,7.3
tmdb,116745,7.1
imdb,227783,5.7
tmdb,227783,5.7
rottentomatoes,227783,1.3
imdb,163,6.5
tmdb,163,6.5
rottentomatoes,163,5.5
imdb,475557,8.4
tmdb,475557,8.2
rottentomatoes,475557,6.8
imdb,11459,6.2
tmdb,11459,6.2
rottentomatoes,11459,7.3
imdb,9889,5.9
tmdb,9889,6.1
rottentomatoes,9889,5.0
imdb,154,7.7
tmdb,154,7.5
rottentomatoes,154,8.8
imdb,203801,7.3
tmdb,203801,7.1
imdb,400155,6.3
tmdb,400155,6.9
rottentomatoes,400155,6.2
imdb,339964,6.5
tmdb,339964,6.6
rottentomatoes,339964,4.8
imdb,15121,8.0
tmdb,15121,7.7
rottentomatoes,15121,8.3
imdb,579,5.8
tmdb,579,5.9
rottentomatoes,579,5.8
imdb,227306,7.2
tmdb,227306,7.5
rottentomatoes,227306,5.0
imdb,19959,6.3
tmdb,19959,6.1
rottentomatoes,19959,3.7
imdb,10303,6.1
tmdb,10303,6.2
rottentomatoes,10303,4.8
imdb,2023,6.7
tmdb,2023,6.8
rottentomatoes,2023,4.6
imdb,227348,5.0
tmdb,227348,5.4
rottentomatoes,227348,3.9
imdb,8818,6.3
tmdb,8818,6.2
rottentomatoes,8818,6.3
imdb,8645,5.0
tmdb,8645,5.3
rottentomatoes,8645,1.7
imdb,35,7.3
tmdb,35,7.0
rottentomatoes,35,8.8
imdb,86834,5.7
tmdb,86834,5.6
rottentomatoes,86834,7.6
imdb,75612,7.0
tmdb,75612,6.6
rottentomatoes,75612,5.3
imdb,22949,5.3
tmdb,22949,5.5
rottentomatoes,22949,0.5
imdb,700,6.5
tmdb,700,6.3
rottentomatoes,700,4.3
imdb,181812,6.5
tmdb,181812,6.5
rottentomatoes,181812,5.1
imdb,22954,7.3
tmdb,22954,7.2
rottentomatoes,22954,7.7
imdb,359724,8.1
tmdb,359724,8.0
imdb,10065,6.0
tmdb,10065,6.1
rottentomatoes,10065,2.3
imdb,374720,7.8
tmdb,374720,7.5
rottentomatoes,374720,9.2
imdb,8469,7.5
tmdb,8469,7.1
imdb,1407,7.6
tmdb,1407,7.5
imdb,8224,6.5
tmdb,8224,6.4
rottentomatoes,8224,2.1
imdb,949,8.2
tmdb,949,7.9
rottentomatoes,949,8.7
imdb,869,5.7
tmdb,869,5.7
rottentomatoes,869,4.4
imdb,18221,7.4
tmdb,18221,6.2
imdb,68724,6.6
tmdb,68724,6.5
rottentomatoes,68724,6.5
imdb,301528,7.7
tmdb,301528,7.6
rottentomatoes,301528,9.7
imdb,6415,7.1
tmdb,6415,6.6
rottentomatoes,6415,9.4
imdb,6283,6.5
tmdb,6283,6.5
imdb,37799,7.7
tmdb,37799,7.3
rottentomatoes,37799,9.6
imdb,4477,6.2
tmdb,4477,6.1
rottentomatoes,4477,3.5
imdb,8696,6.9
tmdb,8696,6.6
rottentomatoes,8696,7.4
imdb,109439,5.8
tmdb,109439,6.2
rottentomatoes,109439,2.0
imdb,58224,6.0
tmdb,58224,5.9
rottentomatoes,58224,4.7
imdb,944,6.6
tmdb,944,6.6
rottentomatoes,944,5.4
imdb,10528,7.6
tmdb,10528,7.2
rottentomatoes,10528,6.9
imdb,609,7.3
tmdb,609,7.1
rottentomatoes,609,8.6
imdb,3034,8.0
tmdb,3034,7.9
rottentomatoes,3034,9.4
imdb,7443,7.0
tmdb,7443,6.7
rottentomatoes,7443,9.7
imdb,10193,8.2
tmdb,10193,7.8
rottentomatoes,10193,9.8
imdb,1852,5.9
tmdb,1852,6.2
rottentomatoes,1852,6.7
imdb,10096,6.2
tmdb,10096,6.7
rottentomatoes,10096,6.5
imdb,9992,6.0
tmdb,9992,6.4
imdb,271718,6.2
tmdb,271718,5.8
rottentomatoes,271718,8.5
imdb,3563,5.9
tmdb,3563,6.0
rottentomatoes,3563,1.5
imdb,9087,6.8
tmdb,9087,6.6
rottentomatoes,9087,9.1
imdb,9312,5.8
tmdb,9312,5.8
rottentomatoes,9312,4.8
imdb,308266,7.1
tmdb,308266,6.9
rottentomatoes,308266,6.1
imdb,36643,6.4
tmdb,36643,6.3
rottentomatoes,36643,5.2
imdb,10681,8.4
tmdb,10681,8.1
imdb,9522,6.9
tmdb,9522,6.5
rottentomatoes,9522,7.6
imdb,5038,7.1
tmdb,5038,6.8
rottentomatoes,5038,8.1
imdb,562,8.2
tmdb,562,7.7
rottentomatoes,562,9.4
imdb,457251,7.1
tmdb,457251,7.5
imdb,58,7.3
tmdb,58,7.3
rottentomatoes,58,5.3
imdb,9718,6.6
tmdb,9718,6.4
rottentomatoes,9718,7.1
imdb,76203,8.1
tmdb,76203,8.0
rottentomatoes,76203,9.5
imdb,227159,6.3
tmdb,227159,6.2
rottentomatoes,227159,3.4
imdb,146233,8.1
tmdb,146233,8.0
rottentomatoes,146233,8.1
imdb,6477,5.2
tmdb,6477,5.8
rottentomatoes,6477,2.8
imdb,1701,6.9
tmdb,1701,6.7
rottentomatoes,1701,5.6
imdb,77866,6.4
tmdb,77866,6.3
rottentomatoes,77866,5.2
imdb,140300,7.1
tmdb,140300,6.8
rottentomatoes,140300,8.7
imdb,243683,6.0
tmdb,243683,6.8
imdb,223702,6.1
tmdb,223702,5.7
rottentomatoes,223702,8.2
imdb,1635,6.8
tmdb,1635,6.7
imdb,568160,7.5
tmdb,568160,8.1
imdb,38575,6.2
tmdb,38575,6.5
rottentomatoes,38575,6.6
imdb,480414,5.3
tmdb,480414,5.7
rottentomatoes,480414,2.8
imdb,49529,6.6
tmdb,49529,6.2
rottentomatoes,49529,5.2
imdb,330459,7.8
tmdb,330459,7.5
rottentomatoes,330459,8.4
imdb,481848,6.8
tmdb,481848,7.6
imdb,23483,7.6
tmdb,23483,7.1
rottentomatoes,23483,7.6
imdb,628,7.5
tmdb,628,7.4
rottentomatoes,628,6.3
imdb,48988,5.8
tmdb,48988,5.6
rottentomatoes,48988,3.3
imdb,547,6.6
tmdb,547,6.9
rottentomatoes,547,7.4
imdb,85446,6.4
tmdb,85446,6.9
rottentomatoes,85446,4.1
imdb,179,6.4
tmdb,179,6.3
rottentomatoes,179,5.7
imdb,10601,6.8
tmdb,10601,7.2
rottentomatoes,10601,7.7
imdb,772,6.8
tmdb,772,6.7
rottentomatoes,772,3.3
imdb,280,8.5
tmdb,280,8.1
rottentomatoes,280,9.3
imdb,77950,6.4
tmdb,77950,6.2
rottentomatoes,77950,6.6
imdb,14462,6.6
tmdb,14462,6.4
rottentomatoes,14462,8.0
imdb,420817,6.9
tmdb,420817,7.1
rottentomatoes,420817,5.7
imdb,9315,6.3
tmdb,9315,6.4
rottentomatoes,9315,3.7
imdb,12118,5.4
tmdb,12118,5.8
rottentomatoes,12118,4.0
imdb,470878,7.4
tmdb,470878,7.6
rottentomatoes,470878,6.3
imdb,417870,6.2
tmdb,417870,6.8
rottentomatoes,417870,9.1
imdb,634,6.7
tmdb,634,6.8
rottentomatoes,634,8.0
imdb,513335,5.4
tmdb,513335,1.0
imdb,76492,7.1
tmdb,76492,7.0
rottentomatoes,76492,4.5
imdb,102899,7.3
tmdb,102899,7.1
rottentomatoes,102899,8.3
imdb,2320,6.4
tmdb,2320,6.2
imdb,69,7.8
tmdb,69,7.5
rottentomatoes,69,8.2
imdb,8452,5.9
tmdb,8452,5.9
rottentomatoes,8452,4.0
imdb,256961,4.4
tmdb,256961,5.2
rottentomatoes,256961,0.5
imdb,364,7.0
tmdb,364,6.9
rottentomatoes,364,8.0
imdb,334543,8.0
tmdb,334543,8.1
rottentomatoes,334543,8.4
imdb,268238,6.6
tmdb,268238,6.4
rottentomatoes,268238,6.5
imdb,10201,6.8
tmdb,10201,6.6
rottentomatoes,10201,4.6
imdb,1865,6.6
tmdb,1865,6.5
rottentomatoes,1865,3.3
imdb,166428,7.5
tmdb,166428,7.8
rottentomatoes,166428,9.0
imdb,296524,7.1
tmdb,296524,6.8
rottentomatoes,296524,8.3
imdb,333484,6.9
tmdb,333484,6.3
rottentomatoes,333484,6.4
imdb,180,7.6
tmdb,180,7.3
rottentomatoes,180,9.0
imdb,387949,3.6
tmdb,387949,3.5
imdb,324852,6.3
tmdb,324852,6.4
rottentomatoes,324852,5.8
imdb,9297,6.6
tmdb,9297,6.6
rottentomatoes,9297,7.5
imdb,67660,6.5
tmdb,67660,6.9
rottentomatoes,67660,5.4
imdb,225574,6.9
tmdb,225574,6.8
rottentomatoes,225574,6.2
imdb,37710,6.0
tmdb,37710,6.2
rottentomatoes,37710,2.0
imdb,693,6.3
tmdb,693,6.2
rottentomatoes,693,3.9
imdb,3049,6.9
tmdb,3049,6.5
imdb,170,7.6
tmdb,170,7.2
imdb,1904,7.4
tmdb,1904,7.7
rottentomatoes,1904,3.5
imdb,549053,6.5
tmdb,549053,7.3
imdb,19912,5.2
tmdb,19912,5.6
rottentomatoes,19912,2.8
imdb,127380,7.3
tmdb,127380,7.1
rottentomatoes,127380,9.4
imdb,1954,7.6
tmdb,1954,7.5
rottentomatoes,1954,3.3
tmdb,120454,8.4
imdb,11836,7.1
tmdb,11836,6.9
rottentomatoes,11836,6.8
imdb,372058,8.4
tmdb,372058,8.6
imdb,9354,6.4
tmdb,9354,6.3
rottentomatoes,9354,7.6
imdb,360920,6.3
tmdb,360920,6.8
rottentomatoes,360920,6.0
imdb,219,7.6
tmdb,219,7.5
rottentomatoes,219,9.1
imdb,12155,6.4
tmdb,12155,6.6
rottentomatoes,12155,5.1
imdb,300168,6.0
tmdb,300168,6.3
imdb,381288,7.3
tmdb,381288,7.3
imdb,343611,6.1
tmdb,343611,5.8
imdb,7007,6.3
tmdb,7007,6.1
rottentomatoes,7007,3.3
imdb,1049,6.2
tmdb,1049,6.3
rottentomatoes,1049,6.2
imdb,10865,6.9
tmdb,10865,6.9
imdb,48171,6.0
tmdb,48171,6.1
rottentomatoes,48171,2.1
imdb,744,6.9
tmdb,744,7.0
rottentomatoes,744,5.4
imdb,1777,7.5
tmdb,1777,7.1
imdb,251,7.1
tmdb,251,7.2
rottentomatoes,251,7.4
imdb,56288,3.5
tmdb,56288,4.8
imdb,479,6.0
tmdb,479,5.9
rottentomatoes,479,6.7
imdb,345,7.4
tmdb,345,7.5
rottentomatoes,345,7.5
imdb,8363,7.6
tmdb,8363,7.2
rottentomatoes,8363,8.8
imdb,269149,8.0
tmdb,269149,7.7
rottentomatoes,269149,9.8
imdb,41216,6.9
tmdb,41216,6.8
rottentomatoes,41216,5.2
imdb,299824,6.0
tmdb,299824,6.3
imdb,388,7.6
tmdb,388,7.4
rottentomatoes,388,8.6
imdb,10860,7.3
tmdb,10860,7.2
rottentomatoes,10860,6.8
imdb,8247,6.1
tmdb,8247,6.1
rottentomatoes,8247,1.5
imdb,812,8.0
tmdb,812,7.6
rottentomatoes,812,9.5
imdb,258489,6.2
tmdb,258489,5.9
rottentomatoes,258489,3.6
imdb,8078,6.2
tmdb,8078,6.1
rottentomatoes,8078,5.4
imdb,286565,6.2
tmdb,286565,6.1
rottentomatoes,286565,5.8
imdb,77174,7.0
tmdb,77174,6.9
rottentomatoes,77174,8.9
imdb,838,7.4
tmdb,838,7.1
rottentomatoes,838,9.6
imdb,10024,7.3
tmdb,10024,7.4
rottentomatoes,10024,4.8
imdb,4247,6.2
tmdb,4247,6.3
rottentomatoes,4247,5.3
imdb,14,8.3
tmdb,14,8.0
rottentomatoes,14,8.7
imdb,563,7.2
tmdb,563,7.0
rottentomatoes,563,6.5
imdb,10663,6.2
tmdb,10663,6.0
rottentomatoes,10663,3.4
imdb,8487,4.9
tmdb,8487,5.3
rottentomatoes,8487,1.7
imdb,9444,7.2
tmdb,9444,7.6
rottentomatoes,9444,8.6
imdb,635302,8.3
tmdb,635302,8.4
imdb,51876,7.4
tmdb,51876,7.2
rottentomatoes,51876,6.9
imdb,9896,6.4
tmdb,9896,6.2
rottentomatoes,9896,4.4
imdb,49051,7.8
tmdb,49051,7.3
rottentomatoes,49051,6.4
imdb,9373,6.2
tmdb,9373,6.2
rottentomatoes,9373,3.7
imdb,72545,5.8
tmdb,72545,6.1
rottentomatoes,72545,4.5
imdb,277,7.0
tmdb,277,6.8
rottentomatoes,277,3.1
imdb,44826,7.5
tmdb,44826,7.2
rottentomatoes,44826,9.3
imdb,274855,5.3
tmdb,274855,6.1
rottentomatoes,274855,1.7
imdb,4348,7.8
tmdb,4348,8.1
imdb,7451,5.9
tmdb,7451,5.9
imdb,172385,6.3
tmdb,172385,6.5
rottentomatoes,172385,4.8
imdb,4234,5.6
tmdb,4234,5.9
rottentomatoes,4234,3.9
imdb,3122,5.0
tmdb,3122,5.0
imdb,44603,6.4
tmdb,44603,6.0
rottentomatoes,44603,4.7
imdb,568,7.6
tmdb,568,7.4
rottentomatoes,568,9.6
imdb,77883,5.9
tmdb,77883,6.0
rottentomatoes,77883,3.9
tmdb,747121,10.0
imdb,691,7.1
tmdb,691,6.8
rottentomatoes,691,8.0
imdb,7485,7.2
tmdb,7485,7.1
rottentomatoes,7485,4.7
imdb,11092,6.9
tmdb,11092,6.8
rottentomatoes,11092,8.7
imdb,155,9.0
tmdb,155,8.5
rottentomatoes,155,9.4
imdb,380,8.0
tmdb,380,7.8
rottentomatoes,380,8.9
imdb,253,6.8
tmdb,253,6.5
rottentomatoes,253,6.6
imdb,663,5.9
tmdb,663,6.2
rottentomatoes,663,1.9
imdb,15384,7.6
tmdb,15384,7.4
imdb,1945,6.5
tmdb,1945,6.5
rottentomatoes,1945,5.5
imdb,13051,5.3
tmdb,13051,5.3
rottentomatoes,13051,1.6
imdb,49040,6.6
tmdb,49040,6.2
rottentomatoes,49040,5.5
imdb,11000,7.1
tmdb,11000,7.1
rottentomatoes,11000,8.0
imdb,354373,5.0
tmdb,354373,5.0
imdb,1273,6.2
tmdb,1273,6.0
rottentomatoes,1273,3.5
imdb,4256,5.5
tmdb,4256,6.0
rottentomatoes,4256,3.5
imdb,10567,6.5
tmdb,10567,6.5
rottentomatoes,10567,6.4
imdb,671,7.6
tmdb,671,7.9
imdb,87502,7.3
tmdb,87502,6.8
rottentomatoes,87502,7.8
imdb,675445,6.2
tmdb,675445,7.7
imdb,270724,4.2
tmdb,270724,3.8
imdb,50348,7.3
tmdb,50348,7.2
rottentomatoes,50348,8.3
imdb,152,6.4
tmdb,152,6.5
rottentomatoes,152,4.1
imdb,350312,8.2
tmdb,350312,7.3
imdb,13665,6.9
tmdb,13665,6.5
rottentomatoes,13665,8.8
imdb,295693,6.3
tmdb,295693,6.5
rottentomatoes,295693,5.3
imdb,207932,6.2
tmdb,207932,6.0
rottentomatoes,207932,2.3
imdb,13183,7.6
tmdb,13183,7.3
rottentomatoes,13183,6.5
imdb,93456,7.3
tmdb,93456,6.9
rottentomatoes,93456,7.5
imdb,1727,6.0
tmdb,1727,6.2
rottentomatoes,1727,3.2
imdb,2112,7.1
tmdb,2112,6.8
rottentomatoes,2112,5.5
imdb,195012,7.0
tmdb,195012,5.9
imdb,9637,5.2
tmdb,9637,6.0
rottentomatoes,9637,3.0
imdb,10761,5.9
tmdb,10761,6.4
rottentomatoes,10761,1.5
imdb,408,7.6
tmdb,408,7.1
rottentomatoes,408,9.8
imdb,10328,6.7
tmdb,10328,6.6
imdb,417384,6.2
tmdb,417384,6.5
rottentomatoes,417384,7.8
imdb,49538,7.7
tmdb,49538,7.3
rottentomatoes,49538,8.6
imdb,652,7.3
tmdb,652,7.1
rottentomatoes,652,5.4
imdb,1579,7.8
tmdb,1579,7.5
rottentomatoes,1579,6.6
imdb,44912,5.5
tmdb,44912,5.2
rottentomatoes,44912,2.6
imdb,10320,5.4
tmdb,10320,5.7
rottentomatoes,10320,2.0
imdb,792,8.1
tmdb,792,7.7
rottentomatoes,792,8.8
imdb,72976,7.3
tmdb,72976,6.9
rottentomatoes,72976,8.9
imdb,278927,7.4
tmdb,278927,6.9
rottentomatoes,278927,9.4
imdb,402,7.0
tmdb,402,6.8
rottentomatoes,402,5.3
imdb,116,7.6
tmdb,116,7.3
rottentomatoes,116,7.7
imdb,353616,5.8
tmdb,353616,6.6
rottentomatoes,353616,2.8
imdb,2069,6.7
tmdb,2069,6.5
rottentomatoes,2069,4.5
imdb,243688,4.9
tmdb,243688,5.2
rottentomatoes,243688,3.1
imdb,9036,7.3
tmdb,9036,7.0
rottentomatoes,9036,7.3
imdb,11472,5.5
tmdb,11472,5.7
rottentomatoes,11472,2.6
imdb,151960,5.7
tmdb,151960,5.9
rottentomatoes,151960,2.5
imdb,863,7.9
tmdb,863,7.6
rottentomatoes,863,10.0
imdb,117263,6.5
tmdb,117263,6.3
rottentomatoes,117263,4.9
imdb,710,7.2
tmdb,710,6.9
rottentomatoes,710,7.8
imdb,10890,6.9
tmdb,10890,6.5
rottentomatoes,10890,8.6
imdb,353486,6.9
tmdb,353486,6.8
rottentomatoes,353486,7.6
imdb,129,8.6
tmdb,129,8.5
imdb,941,7.6
tmdb,941,7.3
rottentomatoes,941,8.1
imdb,76757,5.3
tmdb,76757,5.4
rottentomatoes,76757,2.7
imdb,9620,6.3
tmdb,9620,6.2
rottentomatoes,9620,2.7
imdb,13836,5.7
tmdb,13836,5.8
rottentomatoes,13836,4.3
imdb,594,7.4
tmdb,594,7.3
rottentomatoes,594,6.1
imdb,11565,4.8
tmdb,11565,5.8
rottentomatoes,11565,0.5
imdb,10191,8.1
tmdb,10191,7.8
rottentomatoes,10191,9.9
imdb,24438,4.9
tmdb,24438,5.4
rottentomatoes,24438,1.1
imdb,640,8.1
tmdb,640,7.9
rottentomatoes,640,9.6
imdb,201703,6.4
tmdb,201703,7.6
imdb,9029,6.1
tmdb,9029,6.1
rottentomatoes,9029,2.6
imdb,62837,6.8
tmdb,62837,7.0
rottentomatoes,62837,8.1
imdb,50359,5.4
tmdb,50359,5.7
rottentomatoes,50359,2.4
imdb,664,6.4
tmdb,664,6.4
rottentomatoes,664,5.8
imdb,2054,7.3
tmdb,2054,7.0
rottentomatoes,2054,7.5
imdb,74465,7.1
tmdb,74465,6.7
rottentomatoes,74465,6.5
imdb,328387,6.5
tmdb,328387,7.1
rottentomatoes,328387,6.7
imdb,1995,5.8
tmdb,1995,5.9
imdb,2604,7.2
tmdb,2604,7.0
rottentomatoes,2604,8.5
imdb,2383,7.7
tmdb,2383,7.0
imdb,285,7.1
tmdb,285,7.2
imdb,22897,6.5
tmdb,22897,6.5
rottentomatoes,22897,5.8
imdb,392044,6.5
tmdb,392044,6.7
imdb,376659,6.2
tmdb,376659,6.5
rottentomatoes,376659,5.8
imdb,123553,5.9
tmdb,123553,6.4
rottentomatoes,123553,1.3
imdb,11467,5.7
tmdb,11467,5.7
rottentomatoes,11467,3.2
imdb,18823,5.8
tmdb,18823,5.9
rottentomatoes,18823,2.7
imdb,423,8.5
tmdb,423,8.4
rottentomatoes,423,9.5
imdb,12102,7.8
tmdb,12102,7.6
rottentomatoes,12102,8.8
imdb,91586,6.6
tmdb,91586,6.7
rottentomatoes,91586,3.9
imdb,4964,6.9
tmdb,4964,6.2
rottentomatoes,4964,9.0
imdb,338970,6.3
tmdb,338970,6.4
rottentomatoes,338970,5.1
imdb,15417,6.4
tmdb,15417,6.2
imdb,10481,4.9
tmdb,10481,5.5
rottentomatoes,10481,3.1
imdb,57158,7.8
tmdb,57158,7.6
rottentomatoes,57158,7.4
imdb,11259,6.6
tmdb,11259,6.7
rottentomatoes,11259,5.0
imdb,75656,7.2
tmdb,75656,7.4
rottentomatoes,75656,5.1
imdb,460019,5.2
tmdb,460019,6.0
imdb,10330,6.2
tmdb,10330,6.4
rottentomatoes,10330,8.8
imdb,297222,8.1
tmdb,297222,7.7
imdb,109424,7.8
tmdb,109424,7.6
rottentomatoes,109424,9.3
imdb,263109,7.3
tmdb,263109,7.0
rottentomatoes,263109,9.9
imdb,68728,6.3
tmdb,68728,5.9
rottentomatoes,68728,5.7
imdb,1367,7.3
tmdb,1367,7.2
rottentomatoes,1367,7.1
imdb,1265,7.2
tmdb,1265,7.3
rottentomatoes,1265,8.5
imdb,1970,5.9
tmdb,1970,5.9
rottentomatoes,1970,4.0
imdb,27578,6.5
tmdb,27578,6.2
rottentomatoes,27578,4.2
imdb,9740,6.8
tmdb,9740,6.7
rottentomatoes,9740,3.9
imdb,4476,7.5
tmdb,4476,7.4
rottentomatoes,4476,5.8
imdb,76758,7.6
tmdb,76758,7.5
imdb,122917,7.4
tmdb,122917,7.3
rottentomatoes,122917,5.9
imdb,2114,6.4
tmdb,2114,6.2
rottentomatoes,2114,4.5
imdb,9837,7.1
tmdb,9837,7.2
rottentomatoes,9837,8.0
imdb,10396,6.1
tmdb,10396,6.1
rottentomatoes,10396,5.2
imdb,679,8.3
tmdb,679,7.9
rottentomatoes,679,9.7
imdb,39538,6.8
tmdb,39538,6.6
rottentomatoes,39538,8.5
imdb,193,6.6
tmdb,193,6.5
imdb,854,6.9
tmdb,854,6.9
rottentomatoes,854,7.7
imdb,420809,6.6
tmdb,420809,7.4
rottentomatoes,420809,4.0
imdb,4551,5.6
tmdb,4551,5.4
rottentomatoes,4551,3.0
imdb,9390,7.3
tmdb,9390,6.9
imdb,2755,7.1
tmdb,2755,6.8
rottentomatoes,2755,8.5
imdb,12444,7.7
tmdb,12444,7.8
rottentomatoes,12444,7.7
imdb,216282,5.8
tmdb,216282,6.0
imdb,12230,7.3
tmdb,12230,7.2
imdb,75780,7.0
tmdb,75780,6.5
rottentomatoes,75780,6.4
imdb,14560,5.2
tmdb,14560,5.4
rottentomatoes,14560,3.4
imdb,1375,5.3
tmdb,1375,5.7
rottentomatoes,1375,2.9
imdb,381719,6.6
tmdb,381719,6.7
rottentomatoes,381719,6.3
imdb,441889,7.8
tmdb,441889,7.6
imdb,109410,7.5
tmdb,109410,7.1
rottentomatoes,109410,8.0
imdb,8961,6.6
tmdb,8961,6.6
rottentomatoes,8961,2.3
imdb,281338,7.4
tmdb,281338,7.1
rottentomatoes,281338,9.4
imdb,12,8.1
tmdb,12,7.8
rottentomatoes,12,9.9
imdb,9486,6.2
tmdb,9486,6.2
rottentomatoes,9486,3.3
imdb,1495,7.2
tmdb,1495,6.8
rottentomatoes,1495,3.9
imdb,38408,6.5
tmdb,38408,6.9
imdb,1537,6.5
tmdb,1537,6.1
rottentomatoes,1537,7.7
imdb,9593,6.4
tmdb,9593,6.4
rottentomatoes,9593,3.8
imdb,8872,7.0
tmdb,8872,6.7
rottentomatoes,8872,8.4
imdb,387,8.3
tmdb,387,8.1
imdb,399035,6.3
tmdb,399035,6.3
rottentomatoes,399035,5.6
imdb,64682,7.2
tmdb,64682,7.4
rottentomatoes,64682,4.8
imdb,11544,7.3
tmdb,11544,7.5
rottentomatoes,11544,8.6
imdb,808,7.9
tmdb,808,7.7
rottentomatoes,808,8.8
imdb,1538,7.5
tmdb,1538,7.2
rottentomatoes,1538,8.6
imdb,675,7.5
tmdb,675,7.7
rottentomatoes,675,7.8
imdb,22972,6.8
tmdb,22972,6.5
rottentomatoes,22972,5.3
imdb,9359,7.0
tmdb,9359,6.8
rottentomatoes,9359,6.6
imdb,442249,5.2
tmdb,442249,6.0
rottentomatoes,442249,5.6
imdb,11775,6.2
tmdb,11775,5.9
rottentomatoes,11775,7.5
imdb,369972,7.3
tmdb,369972,7.0
rottentomatoes,369972,8.6
imdb,346910,5.3
tmdb,346910,5.6
rottentomatoes,346910,3.2
imdb,273481,7.6
tmdb,273481,7.4
rottentomatoes,273481,9.2
imdb,82703,6.8
tmdb,82703,6.7
rottentomatoes,82703,8.1
imdb,1637,7.2
tmdb,1637,7.1
rottentomatoes,1637,9.4
imdb,13448,6.7
tmdb,13448,6.7
rottentomatoes,13448,3.7
imdb,49017,6.3
tmdb,49017,6.4
rottentomatoes,49017,2.4
imdb,767,7.6
tmdb,767,7.7
rottentomatoes,767,8.4
imdb,2018,5.3
tmdb,2018,5.9
rottentomatoes,2018,1.7
imdb,8834,6.7
tmdb,8834,6.6
rottentomatoes,8834,5.7
imdb,62764,5.6
tmdb,62764,5.9
rottentomatoes,62764,5.0
imdb,88042,6.0
tmdb,88042,5.9
rottentomatoes,88042,1.8
imdb,1949,7.7
tmdb,1949,7.5
rottentomatoes,1949,8.9
imdb,313108,7.9
tmdb,313108,7.2
imdb,274,8.6
tmdb,274,8.3
rottentomatoes,274,9.6
imdb,153518,6.3
tmdb,153518,6.2
rottentomatoes,153518,4.3
imdb,302699,6.3
tmdb,302699,6.4
rottentomatoes,302699,7.1
imdb,9313,6.5
tmdb,9313,6.6
rottentomatoes,9313,3.2
imdb,11253,7.0
tmdb,11253,6.7
imdb,46195,6.9
tmdb,46195,6.7
rottentomatoes,46195,7.2
imdb,9285,6.4
tmdb,9285,6.2
rottentomatoes,9285,5.8
imdb,460668,5.6
tmdb,460668,6.4
rottentomatoes,460668,3.5
imdb,809,7.2
tmdb,809,7.2
rottentomatoes,809,8.9
imdb,74534,7.3
tmdb,74534,6.9
imdb,11090,4.8
tmdb,11090,5.1
rottentomatoes,11090,3.0
imdb,4442,5.9
tmdb,4442,5.8
rottentomatoes,4442,3.8
imdb,332210,6.8
tmdb,332210,6.6
rottentomatoes,332210,6.6
imdb,38365,6.0
tmdb,38365,6.3
rottentomatoes,38365,1.1
imdb,8656,6.2
tmdb,8656,6.2
rottentomatoes,8656,4.5
imdb,6557,6.1
tmdb,6557,6.4
rottentomatoes,6557,4.1
imdb,378236,3.3
tmdb,378236,5.6
rottentomatoes,378236,0.7
imdb,8987,6.4
tmdb,8987,6.4
rottentomatoes,8987,5.6
imdb,310,6.8
tmdb,310,6.7
rottentomatoes,310,4.8
imdb,153,7.7
tmdb,153,7.4
imdb,1598,7.3
tmdb,1598,7.3
rottentomatoes,1598,7.4
imdb,7278,2.8
tmdb,7278,4.0
rottentomatoes,7278,0.2
imdb,242,7.6
tmdb,242,7.4
imdb,121,8.7
tmdb,121,8.4
rottentomatoes,121,9.5
imdb,10198,7.1
tmdb,10198,7.1
rottentomatoes,10198,8.5
imdb,2322,7.1
tmdb,2322,6.9
rottentomatoes,2322,7.9
imdb,291870,5.9
tmdb,291870,5.9
rottentomatoes,291870,1.1
imdb,70,8.1
tmdb,70,8.0
rottentomatoes,70,9.1
imdb,73723,6.4
tmdb,73723,6.5
imdb,9488,5.2
tmdb,9488,5.6
rottentomatoes,9488,7.5
imdb,359940,8.1
tmdb,359940,8.1
rottentomatoes,359940,9.0
imdb,61791,7.5
tmdb,61791,7.3
rottentomatoes,61791,8.2
imdb,10756,5.1
tmdb,10756,5.6
rottentomatoes,10756,1.4
imdb,353070,6.6
tmdb,353070,6.7
rottentomatoes,353070,4.7
imdb,10637,7.8
tmdb,10637,7.6
rottentomatoes,10637,7.3
imdb,82682,6.7
tmdb,82682,6.3
rottentomatoes,82682,3.1
imdb,195589,6.3
tmdb,195589,6.2
rottentomatoes,195589,7.3
imdb,271969,5.7
tmdb,271969,5.7
rottentomatoes,271969,2.5
imdb,2928,5.7
tmdb,2928,5.8
rottentomatoes,2928,3.4
imdb,50014,8.0
tmdb,50014,8.2
rottentomatoes,50014,7.6
imdb,1893,6.5
tmdb,1893,6.5
imdb,857,8.6
tmdb,857,8.2
rottentomatoes,857,9.3
imdb,249,6.8
tmdb,249,6.9
rottentomatoes,249,8.5
imdb,37233,6.8
tmdb,37233,6.8
rottentomatoes,37233,7.5
imdb,400650,6.7
tmdb,400650,6.5
imdb,2043,6.4
tmdb,2043,6.3
rottentomatoes,2043,3.2
imdb,437557,6.2
tmdb,437557,6.3
rottentomatoes,437557,8.4
imdb,2064,6.7
tmdb,2064,6.9
rottentomatoes,2064,8.0
imdb,193893,6.4
tmdb,193893,6.4
rottentomatoes,193893,1.8
imdb,88794,6.5
tmdb,88794,6.2
imdb,9493,6.1
tmdb,9493,6.0
rottentomatoes,9493,4.3
imdb,499701,6.1
tmdb,499701,6.8
rottentomatoes,499701,8.5
imdb,329,8.1
tmdb,329,7.9
rottentomatoes,329,9.1
imdb,9062,6.9
tmdb,9062,6.8
rottentomatoes,9062,6.8
imdb,688,7.6
tmdb,688,7.7
rottentomatoes,688,9.0
imdb,9870,7.1
tmdb,9870,6.5
rottentomatoes,9870,8.3
imdb,9495,7.6
tmdb,9495,7.5
rottentomatoes,9495,8.3
imdb,1371,6.8
tmdb,1371,6.8
rottentomatoes,1371,6.3
imdb,787,6.5
tmdb,787,6.7
rottentomatoes,787,6.0
imdb,198663,6.8
tmdb,198663,7.2
rottentomatoes,198663,6.5
imdb,11355,6.1
tmdb,11355,6.2
rottentomatoes,11355,5.5
imdb,52520,6.3
tmdb,52520,6.3
rottentomatoes,52520,2.6
imdb,400157,5.9
tmdb,400157,6.4
rottentomatoes,400157,3.4
imdb,331482,7.8
tmdb,331482,7.9
imdb,674,7.7
tmdb,674,7.8
rottentomatoes,674,8.8
imdb,621,7.2
tmdb,621,7.4
rottentomatoes,621,7.5
imdb,9913,6.5
tmdb,9913,6.6
rottentomatoes,9913,3.8
imdb,266294,6.0
tmdb,266294,6.0
rottentomatoes,266294,6.0
imdb,551,7.1
tmdb,551,7.2
rottentomatoes,551,8.0
imdb,43956,6.5
tmdb,43956,6.5
imdb,138832,7.0
tmdb,138832,6.8
imdb,369885,7.1
tmdb,369885,6.8
rottentomatoes,369885,6.0
imdb,508442,8.1
tmdb,508442,8.2
imdb,424694,7.9
tmdb,424694,8.0
rottentomatoes,424694,6.0
imdb,32856,5.7
tmdb,32856,5.9
rottentomatoes,32856,1.8
imdb,1996,5.6
tmdb,1996,5.7
imdb,503,5.7
tmdb,503,5.8
rottentomatoes,503,3.3
imdb,98566,5.8
tmdb,98566,5.9
rottentomatoes,98566,2.1
imdb,231,6.9
tmdb,231,6.4
rottentomatoes,231,7.3
imdb,11072,7.7
tmdb,11072,7.3
rottentomatoes,11072,8.8
imdb,27573,5.6
tmdb,27573,5.8
rottentomatoes,27573,1.2
imdb,52449,5.6
tmdb,52449,5.6
rottentomatoes,52449,4.4
imdb,271706,7.0
tmdb,271706,7.5
imdb,2059,6.9
tmdb,2059,6.6
rottentomatoes,2059,4.6
imdb,16866,6.0
tmdb,16866,5.8
rottentomatoes,16866,2.3
imdb,13223,8.1
tmdb,13223,8.0
imdb,58233,6.3
tmdb,58233,6.2
rottentomatoes,58233,3.8
imdb,559,6.2
tmdb,559,6.3
rottentomatoes,559,6.2
imdb,771,7.6
tmdb,771,7.4
rottentomatoes,771,6.5
imdb,11024,5.1
tmdb,11024,6.0
rottentomatoes,11024,2.2
imdb,16996,6.4
tmdb,16996,6.3
rottentomatoes,16996,5.6
imdb,9331,6.9
tmdb,9331,6.6
rottentomatoes,9331,8.0
imdb,1633,7.7
tmdb,1633,7.7
rottentomatoes,1633,7.4
imdb,4978,6.9
tmdb,4978,6.7
rottentomatoes,4978,7.1
imdb,7459,6.0
tmdb,7459,6.1
rottentomatoes,7459,4.0
imdb,37247,8.0
tmdb,37247,7.7
rottentomatoes,37247,8.7
imdb,77931,5.3
tmdb,77931,5.8
rottentomatoes,77931,1.4
imdb,9595,6.8
tmdb,9595,6.6
rottentomatoes,9595,8.3
imdb,7840,5.1
tmdb,7840,5.4
imdb,118,6.6
tmdb,118,7.0
rottentomatoes,118,8.3
imdb,11816,7.6
tmdb,11816,7.3
rottentomatoes,11816,9.3
imdb,61202,8.2
tmdb,61202,7.6
imdb,8355,6.9
tmdb,8355,6.7
imdb,205775,6.9
tmdb,205775,6.7
rottentomatoes,205775,4.3
imdb,2157,5.2
tmdb,2157,5.3
rottentomatoes,2157,2.8
imdb,13767,4.8
tmdb,13767,5.4
rottentomatoes,13767,1.7
imdb,348,8.4
tmdb,348,8.1
rottentomatoes,348,9.8
imdb,214756,6.3
tmdb,214756,6.3
rottentomatoes,214756,4.5
imdb,5175,6.6
tmdb,5175,6.7
rottentomatoes,5175,5.2
imdb,116711,6.7
tmdb,116711,6.5
rottentomatoes,116711,6.5
imdb,4147,7.7
tmdb,4147,7.4
rottentomatoes,4147,8.1
imdb,89,8.2
tmdb,89,7.8
rottentomatoes,89,8.8
imdb,7364,6.0
tmdb,7364,5.8
rottentomatoes,7364,3.8
imdb,36670,6.2
tmdb,36670,6.0
rottentomatoes,36670,6.7
imdb,1641,5.5
tmdb,1641,5.4
rottentomatoes,1641,4.5
imdb,41439,5.6
tmdb,41439,6.0
rottentomatoes,41439,1.0
imdb,248087,7.2
tmdb,248087,7.0
imdb,6114,7.4
tmdb,6114,7.4
imdb,206647,6.8
tmdb,206647,6.5
rottentomatoes,206647,6.3
imdb,77953,6.1
tmdb,77953,5.8
rottentomatoes,77953,6.6
imdb,2048,7.1
tmdb,2048,6.9
rottentomatoes,2048,5.6
imdb,306,5.6
tmdb,306,5.9
rottentomatoes,306,0.9
imdb,24,8.1
tmdb,24,8.0
imdb,8077,6.5
tmdb,8077,6.3
imdb,147441,6.0
tmdb,147441,5.8
rottentomatoes,147441,3.0
imdb,56427,4.1
tmdb,56427,6.0
imdb,52077,6.4
tmdb,52077,5.8
imdb,254128,6.1
tmdb,254128,6.2
rottentomatoes,254128,5.0
imdb,12144,7.4
tmdb,12144,7.1
imdb,329996,6.3
tmdb,329996,6.7
rottentomatoes,329996,4.6
imdb,806,5.5
tmdb,806,5.5
rottentomatoes,806,2.6
imdb,3170,7.3
tmdb,3170,7.0
rottentomatoes,3170,9.0
imdb,136799,6.5
tmdb,136799,6.7
rottentomatoes,136799,7.6
imdb,9360,4.8
tmdb,9360,5.1
rottentomatoes,9360,3.8
imdb,11529,6.2
tmdb,11529,6.4
rottentomatoes,11529,3.8
imdb,315635,7.4
tmdb,315635,7.4
rottentomatoes,315635,9.2
imdb,2034,7.7
tmdb,2034,7.5
rottentomatoes,2034,7.3
imdb,9441,6.8
tmdb,9441,7.1
rottentomatoes,9441,4.5
imdb,159824,6.7
tmdb,159824,6.8
rottentomatoes,159824,5.6
imdb,7980,6.7
tmdb,7980,7.0
rottentomatoes,7980,3.2
imdb,2323,7.5
tmdb,2323,7.1
rottentomatoes,2323,8.7
imdb,11678,5.9
tmdb,11678,6.0
rottentomatoes,11678,4.8
imdb,2251,6.7
tmdb,2251,6.6
rottentomatoes,2251,5.0
imdb,9277,8.3
tmdb,9277,8.1
rottentomatoes,9277,9.4
imdb,6964,6.7
tmdb,6964,6.6
rottentomatoes,6964,7.2
imdb,57800,6.5
tmdb,57800,6.3
rottentomatoes,57800,3.7
imdb,14873,5.4
tmdb,14873,5.9
rottentomatoes,14873,1.8
imdb,419680,6.0
tmdb,419680,6.3
rottentomatoes,419680,2.1
imdb,14326,6.0
tmdb,14326,6.2
rottentomatoes,14326,3.1
imdb,51533,7.4
tmdb,51533,7.2
imdb,474350,6.5
tmdb,474350,6.9
rottentomatoes,474350,6.3
imdb,47971,5.2
tmdb,47971,5.8
rottentomatoes,47971,4.5
imdb,45317,7.8
tmdb,45317,7.4
rottentomatoes,45317,9.0
imdb,2978,6.6
tmdb,2978,6.5
imdb,332567,6.3
tmdb,332567,6.4
rottentomatoes,332567,7.8
imdb,4478,6.0
tmdb,4478,6.3
rottentomatoes,4478,3.5
imdb,128,8.4
tmdb,128,8.4
imdb,672,7.4
tmdb,672,7.7
rottentomatoes,672,8.2
imdb,7551,7.1
tmdb,7551,6.8
rottentomatoes,7551,5.6
imdb,2270,7.6
tmdb,2270,7.2
rottentomatoes,2270,7.6
imdb,10530,6.7
tmdb,10530,7.0
rottentomatoes,10530,5.5
imdb,10895,7.4
tmdb,10895,7.1
rottentomatoes,10895,10.0
imdb,487558,7.5
tmdb,487558,7.6
rottentomatoes,487558,9.6
imdb,7453,6.7
tmdb,7453,6.7
rottentomatoes,7453,6.0
imdb,82690,7.7
tmdb,82690,7.3
imdb,2024,7.2
tmdb,2024,7.1
rottentomatoes,2024,6.1
imdb,6538,7.0
tmdb,6538,6.6
rottentomatoes,6538,8.2
imdb,4982,7.8
tmdb,4982,7.6
rottentomatoes,4982,8.0
imdb,4824,6.4
tmdb,4824,6.3
rottentomatoes,4824,2.3
imdb,328111,6.5
tmdb,328111,6.2
rottentomatoes,328111,7.3
imdb,10992,5.1
tmdb,10992,5.4
rottentomatoes,10992,5.4
imdb,198184,6.8
tmdb,198184,6.8
rottentomatoes,198184,3.3
imdb,137094,6.2
tmdb,137094,6.1
rottentomatoes,137094,5.4
imdb,446354,7.2
tmdb,446354,7.0
imdb,8871,6.2
tmdb,8871,6.7
imdb,506763,6.4
tmdb,506763,6.3
imdb,9286,5.8
tmdb,9286,6.1
rottentomatoes,9286,4.3
imdb,578,8.0
tmdb,578,7.6
rottentomatoes,578,9.8
imdb,27022,6.1
tmdb,27022,6.1
rottentomatoes,27022,4.0
imdb,9804,6.2
tmdb,9804,6.1
rottentomatoes,9804,4.6
imdb,9757,4.1
tmdb,9757,5.6
rottentomatoes,9757,0.9
imdb,9909,6.5
tmdb,9909,6.9
rottentomatoes,9909,2.9
imdb,1164,7.4
tmdb,1164,7.2
rottentomatoes,1164,6.9
imdb,442062,5.6
tmdb,442062,6.1
rottentomatoes,442062,4.7
imdb,9963,5.9
tmdb,9963,6.3
rottentomatoes,9963,0.8
imdb,10771,5.4
tmdb,10771,5.7
rottentomatoes,10771,2.1
imdb,18785,7.7
tmdb,18785,7.3
rottentomatoes,18785,7.8
imdb,209112,6.4
tmdb,209112,5.9
rottentomatoes,209112,2.8
imdb,10207,6.2
tmdb,10207,6.2
rottentomatoes,10207,3.2
imdb,188927,7.0
tmdb,188927,6.8
rottentomatoes,188927,8.6
imdb,50546,6.4
tmdb,50546,6.6
rottentomatoes,50546,1.9
imdb,37165,8.1
tmdb,37165,8.1
rottentomatoes,37165,9.5
imdb,9559,7.5
tmdb,9559,7.5
rottentomatoes,9559,7.9
imdb,76493,6.4
tmdb,76493,6.1
rottentomatoes,76493,5.7
imdb,41233,6.2
tmdb,41233,6.8
imdb,303858,6.5
tmdb,303858,6.4
rottentomatoes,303858,5.9
imdb,38579,4.3
tmdb,38579,5.3
rottentomatoes,38579,0.9
imdb,480530,7.1
tmdb,480530,6.9
rottentomatoes,480530,8.3
imdb,610253,5.7
tmdb,610253,6.9
imdb,137106,7.7
tmdb,137106,7.4
imdb,296099,6.1
tmdb,296099,6.3
rottentomatoes,296099,2.7
imdb,7518,6.7
tmdb,7518,6.5
rottentomatoes,7518,7.5
imdb,4327,5.6
tmdb,4327,5.8
rottentomatoes,4327,6.8
imdb,8698,5.8
tmdb,8698,5.9
rottentomatoes,8698,1.7
imdb,120,8.8
tmdb,120,8.4
rottentomatoes,120,9.1
imdb,11228,5.9
tmdb,11228,6.1
rottentomatoes,11228,2.7
imdb,33909,6.2
tmdb,33909,6.1
rottentomatoes,33909,5.5
imdb,639721,5.4
tmdb,639721,7.3
imdb,205587,7.4
tmdb,205587,7.3
rottentomatoes,205587,4.8
imdb,55301,4.3
tmdb,55301,5.7
rottentomatoes,55301,1.2
imdb,424783,6.7
tmdb,424783,6.7
rottentomatoes,424783,9.1
imdb,18,7.7
tmdb,18,7.5
rottentomatoes,18,7.0
imdb,33,8.2
tmdb,33,7.9
rottentomatoes,33,9.6
imdb,316727,6.0
tmdb,316727,6.4
rottentomatoes,316727,5.6
imdb,680,8.9
tmdb,680,8.5
rottentomatoes,680,9.2
imdb,3512,5.5
tmdb,3512,5.7
rottentomatoes,3512,3.4
imdb,9930,6.0
tmdb,9930,6.0
rottentomatoes,9930,4.4
imdb,452557,6.0
tmdb,452557,6.7
imdb,11130,5.8
tmdb,11130,6.6
imdb,262504,5.7
tmdb,262504,6.1
imdb,300669,7.1
tmdb,300669,7.0
rottentomatoes,300669,8.8
imdb,8909,6.7
tmdb,8909,6.5
rottentomatoes,8909,7.1
imdb,11224,7.3
tmdb,11224,7.0
rottentomatoes,11224,9.7
imdb,86184,6.7
tmdb,86184,6.5
imdb,11322,7.0
tmdb,11322,6.7
rottentomatoes,11322,6.8
imdb,280092,6.1
tmdb,280092,6.3
rottentomatoes,280092,5.7
imdb,10438,5.0
tmdb,10438,5.5
imdb,8838,6.1
tmdb,8838,6.2
rottentomatoes,8838,2.1
imdb,399566,6.4
tmdb,399566,7.9
imdb,4584,7.7
tmdb,4584,7.5
imdb,8844,7.0
tmdb,8844,7.2
rottentomatoes,8844,5.5
imdb,283995,7.6
tmdb,283995,7.6
rottentomatoes,283995,8.5
imdb,824,7.6
tmdb,824,7.6
rottentomatoes,824,7.6
imdb,888,4.9
tmdb,888,5.3
rottentomatoes,888,2.2
imdb,12096,5.7
tmdb,12096,5.9
rottentomatoes,12096,2.1
imdb,2501,7.9
tmdb,2501,7.4
rottentomatoes,2501,8.3
imdb,9955,6.3
tmdb,9955,6.1
rottentomatoes,9955,7.0
imdb,4566,7.2
tmdb,4566,6.7
rottentomatoes,4566,9.1
imdb,428078,6.1
tmdb,428078,6.2
rottentomatoes,428078,2.6
imdb,8843,6.4
tmdb,8843,6.3
rottentomatoes,8843,4.5
imdb,54138,7.7
tmdb,54138,7.3
rottentomatoes,54138,8.4
imdb,496,7.3
tmdb,496,6.7
rottentomatoes,496,9.1
imdb,137093,6.6
tmdb,137093,6.4
rottentomatoes,137093,4.6
imdb,447332,7.5
tmdb,447332,7.4
rottentomatoes,447332,9.6
imdb,9480,5.3
tmdb,9480,5.2
rottentomatoes,9480,4.4
imdb,150540,8.1
tmdb,150540,7.9
rottentomatoes,150540,9.8
imdb,8984,6.1
tmdb,8984,6.2
rottentomatoes,8984,5.9
imdb,187,8.0
tmdb,187,7.4
rottentomatoes,187,7.7
imdb,38322,4.5
tmdb,38322,5.6
rottentomatoes,38322,0.5
imdb,345938,6.3
tmdb,345938,7.4
rottentomatoes,345938,2.1
imdb,356305,6.2
tmdb,356305,6.3
rottentomatoes,356305,3.9
imdb,637649,7.1
tmdb,637649,7.8
imdb,431580,7.0
tmdb,431580,7.6
rottentomatoes,431580,8.1
imdb,9928,6.3
tmdb,9928,6.4
rottentomatoes,9928,6.4
imdb,88,7.0
tmdb,88,7.4
rottentomatoes,88,6.8
imdb,98,8.5
tmdb,98,8.2
rottentomatoes,98,7.7
imdb,4523,7.0
tmdb,4523,6.8
rottentomatoes,4523,9.3
imdb,332,4.2
tmdb,332,4.5
rottentomatoes,332,2.1
imdb,335983,6.7
tmdb,335983,6.8
rottentomatoes,335983,3.0
imdb,535,6.2
tmdb,535,6.5
rottentomatoes,535,3.6
imdb,1406,6.8
tmdb,1406,6.4
rottentomatoes,1406,9.0
imdb,460465,6.1
tmdb,460465,7.3
imdb,136795,6.6
tmdb,136795,6.6
rottentomatoes,136795,6.6
imdb,9801,6.0
tmdb,9801,6.3
rottentomatoes,9801,2.7
imdb,2567,7.5
tmdb,2567,7.2
rottentomatoes,2567,8.6
imdb,13700,5.4
tmdb,13700,6.0
rottentomatoes,13700,5.3
imdb,3933,7.3
tmdb,3933,7.5
imdb,53182,6.2
tmdb,53182,6.1
rottentomatoes,53182,4.5
imdb,4105,6.7
tmdb,4105,6.6
imdb,603,8.7
tmdb,603,8.2
rottentomatoes,603,8.8
imdb,10184,6.4
tmdb,10184,6.5
rottentomatoes,10184,4.2
imdb,1586,6.5
tmdb,1586,6.6
rottentomatoes,1586,4.6
imdb,9615,6.0
tmdb,9615,6.4
rottentomatoes,9615,3.7
imdb,414,5.4
tmdb,414,5.4
rottentomatoes,414,3.9
imdb,9475,8.0
tmdb,9475,7.7
rottentomatoes,9475,8.9
imdb,107,8.3
tmdb,107,7.8
imdb,10003,6.2
tmdb,10003,6.1
rottentomatoes,10003,3.0
imdb,176,7.6
tmdb,176,7.4
rottentomatoes,176,4.9
imdb,284053,7.9
tmdb,284053,7.6
rottentomatoes,284053,9.3
imdb,451048,6.6
tmdb,451048,7.7
imdb,114,7.1
tmdb,114,7.4
rottentomatoes,114,6.3
imdb,37834,6.3
tmdb,37834,6.2
imdb,9550,7.5
tmdb,9550,7.3
imdb,196867,5.3
tmdb,196867,6.2
rottentomatoes,196867,2.8
imdb,13027,6.6
tmdb,13027,6.4
rottentomatoes,13027,2.6
imdb,1089,7.3
tmdb,1089,7.1
rottentomatoes,1089,7.0
imdb,463272,6.2
tmdb,463272,6.3
imdb,200,6.4
tmdb,200,6.4
rottentomatoes,200,5.4
imdb,9543,6.6
tmdb,9543,6.2
rottentomatoes,9543,3.7
imdb,920,7.1
tmdb,920,6.9
rottentomatoes,920,7.5
imdb,8688,6.0
tmdb,8688,6.1
rottentomatoes,8688,4.1
imdb,146,7.8
tmdb,146,7.4
imdb,1895,7.5
tmdb,1895,7.4
imdb,861,7.5
tmdb,861,7.3
rottentomatoes,861,8.2
imdb,639,7.6
tmdb,639,7.4
imdb,5966,6.0
tmdb,5966,6.0
rottentomatoes,5966,2.7
imdb,9802,7.4
tmdb,9802,7.1
rottentomatoes,9802,6.6
imdb,257445,6.3
tmdb,257445,6.3
rottentomatoes,257445,7.8
imdb,197,8.3
tmdb,197,7.9
rottentomatoes,197,7.8
imdb,149870,7.8
tmdb,149870,7.8
imdb,922,7.6
tmdb,922,7.3
rottentomatoes,922,7.1
imdb,10588,4.0
tmdb,10588,5.3
imdb,124157,6.8
tmdb,124157,6.7
imdb,508935,6.8
tmdb,508935,7.2
imdb,13576,7.2
tmdb,13576,7.2
imdb,3638,6.3
tmdb,3638,6.5
rottentomatoes,3638,4.2
imdb,565916,6.1
tmdb,565916,3.5
imdb,2119,6.1
tmdb,2119,6.3
rottentomatoes,2119,3.8
imdb,291805,6.5
tmdb,291805,6.8
rottentomatoes,291805,3.3
imdb,8592,6.1
tmdb,8592,6.1
rottentomatoes,8592,6.3
imdb,101299,7.5
tmdb,101299,7.4
rottentomatoes,101299,9.0
imdb,224141,5.9
tmdb,224141,5.8
rottentomatoes,224141,7.1
imdb,9255,6.6
tmdb,9255,6.5
rottentomatoes,9255,5.7
imdb,76649,5.5
tmdb,76649,5.5
rottentomatoes,76649,2.8
imdb,813,7.7
tmdb,813,7.3
rottentomatoes,813,9.7
imdb,10950,7.6
tmdb,10950,7.5
rottentomatoes,10950,3.5
imdb,55779,5.8
tmdb,55779,6.0
rottentomatoes,55779,6.2
imdb,290859,6.2
tmdb,290859,6.5
rottentomatoes,290859,7.0
imdb,4257,5.1
tmdb,4257,5.5
rottentomatoes,4257,3.5
imdb,36668,6.7
tmdb,36668,6.4
rottentomatoes,36668,5.7
imdb,10202,6.0
tmdb,10202,6.1
rottentomatoes,10202,2.7
imdb,242512,4.5
tmdb,242512,5.1
rottentomatoes,242512,0.6
imdb,58574,7.5
tmdb,58574,7.1
rottentomatoes,58574,5.9
imdb,14811,8.0
tmdb,14811,7.7
rottentomatoes,14811,8.3
imdb,264999,5.6
tmdb,264999,6.2
rottentomatoes,264999,6.5
imdb,257088,5.3
tmdb,257088,5.9
rottentomatoes,257088,1.1
imdb,15373,6.8
tmdb,15373,6.5
rottentomatoes,15373,7.7
imdb,8373,6.0
tmdb,8373,6.1
rottentomatoes,8373,2.0
imdb,540901,6.3
tmdb,540901,6.5
rottentomatoes,540901,8.7
imdb,1844,6.3
tmdb,1844,6.2
rottentomatoes,1844,3.9
imdb,8271,6.8
tmdb,8271,6.7
rottentomatoes,8271,6.9
imdb,9619,6.0
tmdb,9619,6.1
rottentomatoes,9619,2.6
imdb,4133,7.6
tmdb,4133,7.4
rottentomatoes,4133,5.5
imdb,19494,6.9
tmdb,19494,7.0
imdb,6637,6.5
tmdb,6637,6.3
rottentomatoes,6637,3.6
imdb,8292,6.8
tmdb,8292,6.7
rottentomatoes,8292,5.2
imdb,57201,6.4
tmdb,57201,6.1
rottentomatoes,57201,3.0
imdb,337170,7.2
tmdb,337170,6.8
rottentomatoes,337170,8.6
imdb,479306,6.1
tmdb,479306,5.5
imdb,8963,7.3
tmdb,8963,7.2
rottentomatoes,8963,8.8
imdb,50620,5.5
tmdb,50620,6.5
imdb,11619,6.6
tmdb,11619,6.2
rottentomatoes,11619,7.3
imdb,11001,6.3
tmdb,11001,6.4
rottentomatoes,11001,3.6
imdb,9273,6.4
tmdb,9273,6.3
imdb,1417,8.2
tmdb,1417,7.7
imdb,36218,5.8
tmdb,36218,6.5
imdb,37686,7.0
tmdb,37686,6.7
rottentomatoes,37686,8.1
imdb,240832,6.4
tmdb,240832,6.4
rottentomatoes,240832,6.7
imdb,74643,7.9
tmdb,74643,7.4
rottentomatoes,74643,9.5
imdb,10731,6.8
tmdb,10731,6.7
rottentomatoes,10731,7.8
imdb,194662,7.7
tmdb,194662,7.5
imdb,20504,6.9
tmdb,20504,6.8
rottentomatoes,20504,4.7
imdb,9869,6.9
tmdb,9869,6.7
rottentomatoes,9869,7.3
imdb,613,8.2
tmdb,613,7.8
imdb,27205,8.8
tmdb,27205,8.3
rottentomatoes,27205,8.7
imdb,8619,7.4
tmdb,8619,7.1
rottentomatoes,8619,8.5
imdb,43593,5.4
tmdb,43593,5.4
imdb,335984,8.0
tmdb,335984,7.5
rottentomatoes,335984,8.8
imdb,10145,5.8
tmdb,10145,6.0
rottentomatoes,10145,3.2
imdb,4922,7.8
tmdb,4922,7.6
rottentomatoes,4922,7.2
imdb,954,7.1
tmdb,954,6.9
rottentomatoes,954,6.4
imdb,142,7.7
tmdb,142,7.8
rottentomatoes,142,8.7
imdb,318846,7.8
tmdb,318846,7.3
rottentomatoes,318846,8.8
imdb,12437,6.6
tmdb,12437,6.5
imdb,416249,6.6
tmdb,416249,6.4
imdb,1493,6.3
tmdb,1493,6.5
rottentomatoes,1493,4.1
imdb,59962,6.3
tmdb,59962,6.1
rottentomatoes,59962,2.6
imdb,758891,7.0
tmdb,758891,7.6
imdb,445571,6.9
tmdb,445571,6.8
rottentomatoes,445571,8.5
imdb,9473,7.7
tmdb,9473,7.2
rottentomatoes,9473,8.0
imdb,9574,5.3
tmdb,9574,5.6
rottentomatoes,9574,2.4
imdb,616,7.7
tmdb,616,7.5
rottentomatoes,616,6.6
imdb,9738,5.7
tmdb,9738,5.8
rottentomatoes,9738,2.7
imdb,116149,7.3
tmdb,116149,7.1
imdb,9946,5.8
tmdb,9946,6.0
rottentomatoes,9946,1.1
imdb,9476,6.9
tmdb,9476,6.9
rottentomatoes,9476,5.9
imdb,168,7.3
tmdb,168,7.2
imdb,3525,6.8
tmdb,3525,6.6
rottentomatoes,3525,8.4
imdb,14564,4.5
tmdb,14564,5.0
rottentomatoes,14564,0.8
imdb,339846,5.5
tmdb,339846,6.1
rottentomatoes,339846,1.7
imdb,543094,7.2
tmdb,543094,9.7
imdb,365222,7.1
tmdb,365222,7.0
imdb,161,7.7
tmdb,161,7.4
rottentomatoes,161,8.2
imdb,95610,6.5
tmdb,95610,6.5
rottentomatoes,95610,7.8
imdb,714,6.5
tmdb,714,6.3
rottentomatoes,714,5.7
imdb,9471,4.9
tmdb,9471,5.5
imdb,297762,7.4
tmdb,297762,7.3
rottentomatoes,297762,9.3
imdb,3021,6.8
tmdb,3021,6.6
rottentomatoes,3021,8.0
imdb,10398,6.5
tmdb,10398,6.5
rottentomatoes,10398,2.7
imdb,10314,5.9
tmdb,10314,6.3
rottentomatoes,10314,4.1
imdb,9820,6.6
tmdb,9820,7.1
rottentomatoes,9820,8.6
imdb,171147,4.4
tmdb,171147,6.0
imdb,11931,6.4
tmdb,11931,6.1
rottentomatoes,11931,7.5
imdb,6023,7.0
tmdb,6023,7.2
rottentomatoes,6023,2.5
imdb,44943,5.7
tmdb,44943,5.7
rottentomatoes,44943,3.6
imdb,87,7.5
tmdb,87,7.3
rottentomatoes,87,8.4
imdb,5174,6.2
tmdb,5174,6.4
rottentomatoes,5174,1.8
imdb,12139,5.6
tmdb,12139,5.8
rottentomatoes,12139,2.7
imdb,11566,6.8
tmdb,11566,6.6
rottentomatoes,11566,9.5
imdb,10195,7.0
tmdb,10195,6.8
rottentomatoes,10195,7.7
imdb,557,7.3
tmdb,557,7.2
rottentomatoes,557,9.0
imdb,2395,5.2
tmdb,2395,5.2
imdb,57212,7.2
tmdb,57212,7.3
rottentomatoes,57212,7.5
imdb,265712,7.5
tmdb,265712,7.3
imdb,322,7.9
tmdb,322,7.7
rottentomatoes,322,8.8
imdb,228150,7.6
tmdb,228150,7.5
rottentomatoes,228150,7.6
imdb,124471,6.2
tmdb,124471,5.9
imdb,105864,6.7
tmdb,105864,6.7
rottentomatoes,105864,7.6
imdb,1366,8.1
tmdb,1366,7.8
rottentomatoes,1366,9.4
imdb,9043,6.3
tmdb,9043,6.3
rottentomatoes,9043,5.3
imdb,9427,7.2
tmdb,9427,7.0
rottentomatoes,9427,9.6
imdb,602,7.0
tmdb,602,6.8
rottentomatoes,602,6.7
imdb,676,6.2
tmdb,676,6.9
rottentomatoes,676,2.4
imdb,41436,5.7
tmdb,41436,5.8
rottentomatoes,41436,5.8
imdb,97630,7.4
tmdb,97630,7.0
imdb,6972,6.6
tmdb,6972,6.6
rottentomatoes,6972,5.5
imdb,165,7.8
tmdb,165,7.7
rottentomatoes,165,6.6
imdb,8845,6.5
tmdb,8845,6.3
rottentomatoes,8845,7.9
imdb,16538,7.0
tmdb,16538,6.5
rottentomatoes,16538,8.3
imdb,329263,6.0
tmdb,329263,6.5
imdb,54318,6.4
tmdb,54318,6.4
imdb,496243,8.6
tmdb,496243,8.5
imdb,16290,7.0
tmdb,16290,6.6
imdb,810,6.1
tmdb,810,6.2
rottentomatoes,810,4.1
imdb,419704,6.5
tmdb,419704,6.1
rottentomatoes,419704,8.3
imdb,313369,8.0
tmdb,313369,7.9
rottentomatoes,313369,9.1
imdb,8007,6.4
tmdb,8007,6.3
rottentomatoes,8007,3.7
imdb,395,5.6
tmdb,395,5.9
imdb,41733,6.5
tmdb,41733,6.3
rottentomatoes,41733,3.9
imdb,250546,5.4
tmdb,250546,5.7
rottentomatoes,250546,2.9
imdb,311324,5.9
tmdb,311324,5.9
imdb,709,6.6
tmdb,709,6.3
imdb,10411,5.9
tmdb,10411,6.1
imdb,407451,4.2
tmdb,407451,5.1
rottentomatoes,407451,4.2
imdb,259316,7.3
tmdb,259316,7.4
rottentomatoes,259316,7.4
imdb,55787,6.9
tmdb,55787,7.0
rottentomatoes,55787,6.0
imdb,157353,6.2
tmdb,157353,6.0
rottentomatoes,157353,1.9
imdb,307081,7.4
tmdb,307081,7.4
rottentomatoes,307081,5.9
imdb,37135,7.3
tmdb,37135,7.4
rottentomatoes,37135,8.9
imdb,79,7.9
tmdb,79,7.5
imdb,6947,6.5
tmdb,6947,6.4
rottentomatoes,6947,4.3
imdb,10144,7.6
tmdb,10144,7.4
rottentomatoes,10144,9.3
imdb,273248,7.8
tmdb,273248,7.7
rottentomatoes,273248,7.5
imdb,10678,5.6
tmdb,10678,6.0
rottentomatoes,10678,3.4
imdb,82525,6.5
tmdb,82525,6.3
rottentomatoes,82525,5.0
imdb,438631,8.2
tmdb,438631,8.0
imdb,354912,8.4
tmdb,354912,8.2
rottentomatoes,354912,9.7
imdb,11349,7.7
tmdb,11349,7.5
rottentomatoes,11349,10.0
imdb,15189,5.4
tmdb,15189,6.1
rottentomatoes,15189,4.6
imdb,6957,7.1
tmdb,6957,6.3
rottentomatoes,6957,8.5
imdb,462,7.4
tmdb,462,7.4
rottentomatoes,462,8.4
imdb,17654,7.9
tmdb,17654,7.4
rottentomatoes,17654,9.0
imdb,9754,5.8
tmdb,9754,5.8
rottentomatoes,9754,1.8
imdb,463319,7.0
tmdb,463319,6.8
imdb,1246,7.1
tmdb,1246,6.8
rottentomatoes,1246,7.7
imdb,608,6.2
tmdb,608,6.3
rottentomatoes,608,3.9
imdb,9919,6.4
tmdb,9919,6.7
rottentomatoes,9919,4.2
imdb,71676,4.3
tmdb,71676,5.0
imdb,550988,7.2
tmdb,550988,7.8
imdb,1576,6.7
tmdb,1576,6.6
rottentomatoes,1576,3.6
imdb,698,6.3
tmdb,698,6.1
rottentomatoes,698,6.0
imdb,512200,6.7
tmdb,512200,7.0
rottentomatoes,512200,7.2
imdb,82654,6.8
tmdb,82654,6.4
rottentomatoes,82654,8.1
imdb,419430,7.7
tmdb,419430,7.6
rottentomatoes,419430,9.8
imdb,23047,5.4
tmdb,23047,5.4
rottentomatoes,23047,1.1
imdb,82507,6.8
tmdb,82507,6.8
rottentomatoes,82507,6.3
imdb,522681,6.4
tmdb,522681,6.5
rottentomatoes,522681,5.1
imdb,1933,7.6
tmdb,1933,7.6
rottentomatoes,1933,8.3
imdb,65057,7.3
tmdb,65057,6.8
rottentomatoes,65057,8.8
imdb,449927,6.8
tmdb,449927,6.9
imdb,1597,7.0
tmdb,1597,6.7
rottentomatoes,1597,8.4
imdb,866,7.7
tmdb,866,7.3
rottentomatoes,866,8.3
imdb,298250,5.8
tmdb,298250,6.2
imdb,752,8.1
tmdb,752,7.9
imdb,13207,5.5
tmdb,13207,5.8
rottentomatoes,13207,2.6
imdb,458723,6.8
tmdb,458723,7.0
rottentomatoes,458723,9.3
imdb,166426,6.5
tmdb,166426,6.6
rottentomatoes,166426,2.9
imdb,18126,4.6
tmdb,18126,6.6
rottentomatoes,18126,4.3
imdb,51540,6.8
tmdb,51540,6.6
rottentomatoes,51540,6.9
imdb,515001,7.9
tmdb,515001,8.1
imdb,34544,6.7
tmdb,34544,6.4
rottentomatoes,34544,4.8
imdb,1734,6.4
tmdb,1734,6.3
rottentomatoes,1734,4.7
imdb,9882,6.4
tmdb,9882,6.3
rottentomatoes,9882,4.4
imdb,527641,7.2
tmdb,527641,8.4
rottentomatoes,527641,5.3
imdb,11287,7.3
tmdb,11287,7.2
rottentomatoes,11287,7.8
imdb,9007,6.7
tmdb,9007,6.9
rottentomatoes,9007,5.5
imdb,9350,6.4
tmdb,9350,6.4
rottentomatoes,9350,6.9
imdb,856,7.7
tmdb,856,7.5
rottentomatoes,856,9.7
imdb,508747,7.4
tmdb,508747,7.7
imdb,1985,7.4
tmdb,1985,7.0
rottentomatoes,1985,8.3
imdb,13811,6.2
tmdb,13811,6.1
rottentomatoes,13811,3.3
imdb,23398,4.5
tmdb,23398,5.7
rottentomatoes,23398,2.0
imdb,9257,6.0
tmdb,9257,6.1
rottentomatoes,9257,4.8
imdb,9576,7.4
tmdb,9576,7.2
rottentomatoes,9576,9.0
imdb,601,7.8
tmdb,601,7.5
imdb,522938,6.1
tmdb,522938,6.5
rottentomatoes,522938,2.6
imdb,52451,5.7
tmdb,52451,5.8
rottentomatoes,52451,2.6
imdb,44214,8.0
tmdb,44214,7.6
rottentomatoes,44214,8.5
imdb,14435,5.4
tmdb,14435,5.6
imdb,383785,5.2
tmdb,383785,5.9
imdb,9533,7.2
tmdb,9533,7.0
rottentomatoes,9533,6.8
imdb,133805,5.9
tmdb,133805,6.0
rottentomatoes,133805,5.0
imdb,2503,8.0
tmdb,2503,7.4
rottentomatoes,2503,9.2
imdb,302946,7.3
tmdb,302946,7.0
rottentomatoes,302946,5.2
imdb,6145,7.2
tmdb,6145,7.3
rottentomatoes,6145,7.1
imdb,14161,5.8
tmdb,14161,5.8
rottentomatoes,14161,3.9
imdb,9907,5.6
tmdb,9907,5.8
rottentomatoes,9907,2.1
imdb,9386,7.2
tmdb,9386,7.0
rottentomatoes,9386,9.6
imdb,9671,6.6
tmdb,9671,6.4
rottentomatoes,9671,8.8
imdb,9598,6.8
tmdb,9598,6.1
rottentomatoes,9598,9.7
imdb,1427,7.5
tmdb,1427,7.3
rottentomatoes,1427,5.9
imdb,9894,6.1
tmdb,9894,5.9
rottentomatoes,9894,5.4
imdb,10665,6.2
tmdb,10665,6.1
rottentomatoes,10665,4.8
imdb,9535,6.7
tmdb,9535,6.5
rottentomatoes,9535,6.9
imdb,158852,6.4
tmdb,158852,6.2
rottentomatoes,158852,5.0
imdb,72331,5.9
tmdb,72331,5.7
rottentomatoes,72331,3.4
imdb,82695,7.6
tmdb,82695,7.4
rottentomatoes,82695,6.9
imdb,412117,6.5
tmdb,412117,7.0
rottentomatoes,412117,6.0
imdb,170805,4.0
tmdb,170805,6.0
imdb,424139,6.6
tmdb,424139,6.5
rottentomatoes,424139,7.9
imdb,353081,7.7
tmdb,353081,7.4
rottentomatoes,353081,9.7
imdb,807,8.6
tmdb,807,8.3
imdb,587807,5.3
tmdb,587807,7.1
imdb,43347,6.7
tmdb,43347,7.0
imdb,2925,6.4
tmdb,2925,6.7
rottentomatoes,2925,5.0
imdb,9079,6.1
tmdb,9079,6.6
imdb,15596,6.7
tmdb,15596,6.3
rottentomatoes,15596,8.6
imdb,519255,5.5
tmdb,519255,5.7
imdb,36586,6.7
tmdb,36586,6.5
rottentomatoes,36586,5.7
imdb,9552,8.0
tmdb,9552,7.7
rottentomatoes,9552,8.3
imdb,11774,6.8
tmdb,11774,6.8
rottentomatoes,11774,7.2
imdb,673,7.9
tmdb,673,8.0
rottentomatoes,673,9.0
imdb,11199,5.8
tmdb,11199,5.9
rottentomatoes,11199,1.4
imdb,136400,6.7
tmdb,136400,6.5
rottentomatoes,136400,6.4
imdb,1592,7.7
tmdb,1592,7.7
rottentomatoes,1592,7.6
imdb,458156,7.4
tmdb,458156,7.4
rottentomatoes,458156,9.0
imdb,1248,6.2
tmdb,1248,6.2
rottentomatoes,1248,1.6
imdb,454619,6.0
tmdb,454619,6.6
rottentomatoes,454619,2.4
imdb,867,5.1
tmdb,867,5.4
rottentomatoes,867,1.1
imdb,788,7.0
tmdb,788,7.2
rottentomatoes,788,7.1
imdb,390043,6.9
tmdb,390043,6.9
rottentomatoes,390043,4.3
imdb,11887,4.9
tmdb,11887,6.6
rottentomatoes,11887,6.3
imdb,152760,6.1
tmdb,152760,6.0
rottentomatoes,152760,3.0
imdb,59961,6.7
tmdb,59961,6.4
rottentomatoes,59961,5.3
imdb,82992,7.0
tmdb,82992,6.8
rottentomatoes,82992,7.1
imdb,9816,6.2
tmdb,9816,6.6
rottentomatoes,9816,5.3
imdb,350,6.9
tmdb,350,7.4
rottentomatoes,350,7.5
imdb,4518,7.4
tmdb,4518,7.2
rottentomatoes,4518,8.2
imdb,240,9.0
tmdb,240,8.6
imdb,524,8.2
tmdb,524,8.0
rottentomatoes,524,8.0
imdb,11804,5.5
tmdb,11804,5.6
rottentomatoes,11804,0.7
imdb,262391,7.0
tmdb,262391,6.7
imdb,11970,7.3
tmdb,11970,7.5
rottentomatoes,11970,8.4
imdb,978,7.1
tmdb,978,7.2
rottentomatoes,978,6.0
imdb,1125,6.5
tmdb,1125,6.8
rottentomatoes,1125,7.8
imdb,151743,6.2
tmdb,151743,6.4
imdb,87101,6.3
tmdb,87101,5.9
rottentomatoes,87101,2.7
imdb,217,6.1
tmdb,217,6.0
rottentomatoes,217,7.8
imdb,6278,6.2
tmdb,6278,6.1
rottentomatoes,6278,4.2
imdb,681,6.6
tmdb,681,6.4
rottentomatoes,681,6.4
imdb,11618,5.0
tmdb,11618,5.4
rottentomatoes,11618,1.6
imdb,260346,6.0
tmdb,260346,6.2
imdb,19908,7.6
tmdb,19908,7.3
rottentomatoes,19908,8.9
imdb,10808,4.7
tmdb,10808,5.3
rottentomatoes,10808,4.2
imdb,37056,6.5
tmdb,37056,7.0
rottentomatoes,37056,4.2
imdb,7303,5.3
tmdb,7303,6.0
rottentomatoes,7303,3.8
imdb,296096,7.4
tmdb,296096,7.9
rottentomatoes,296096,5.4
imdb,463821,6.1
tmdb,463821,6.3
rottentomatoes,463821,6.6
imdb,383498,7.7
tmdb,383498,7.5
rottentomatoes,383498,8.3
imdb,296,6.3
tmdb,296,6.1
imdb,191421,6.3
tmdb,191421,6.3
imdb,2133,6.4
tmdb,2133,6.4
rottentomatoes,2133,4.7
imdb,479455,5.6
tmdb,479455,6.0
imdb,9654,7.0
tmdb,9654,6.7
rottentomatoes,9654,7.3
imdb,2085,6.1
tmdb,2085,6.1
rottentomatoes,2085,3.2
imdb,11808,6.6
tmdb,11808,6.5
imdb,1900,7.6
tmdb,1900,7.1
rottentomatoes,1900,9.3
imdb,375262,7.5
tmdb,375262,7.6
rottentomatoes,375262,9.3
imdb,864,7.0
tmdb,864,7.0
rottentomatoes,864,7.6
imdb,9722,4.8
tmdb,9722,5.0
rottentomatoes,9722,2.5
imdb,10545,7.0
tmdb,10545,7.1
rottentomatoes,10545,7.1
imdb,332562,7.6
tmdb,332562,7.5
rottentomatoes,332562,9.0
imdb,7350,7.4
tmdb,7350,7.2
rottentomatoes,7350,4.1
imdb,320288,5.7
tmdb,320288,6.0
rottentomatoes,320288,2.2
imdb,558,7.3
tmdb,558,7.1
rottentomatoes,558,9.3
imdb,9799,6.8
tmdb,9799,6.9
rottentomatoes,9799,5.3
imdb,5919,7.0
tmdb,5919,7.0
rottentomatoes,5919,6.9
imdb,924,7.3
tmdb,924,7.0
rottentomatoes,924,7.5
imdb,44977,5.4
tmdb,44977,6.0
imdb,4379,5.6
tmdb,4379,6.2
rottentomatoes,4379,1.8
imdb,314,3.4
tmdb,314,4.6
rottentomatoes,314,0.9
imdb,454640,6.4
tmdb,454640,7.2
rottentomatoes,454640,7.3
imdb,324786,8.1
tmdb,324786,8.2
rottentomatoes,324786,8.4
imdb,17979,6.8
tmdb,17979,6.8
imdb,642,8.0
tmdb,642,7.6
rottentomatoes,642,9.0
imdb,72571,5.8
tmdb,72571,5.9
rottentomatoes,72571,6.6
imdb,9358,6.2
tmdb,9358,6.2
rottentomatoes,9358,4.8
imdb,293660,8.0
tmdb,293660,7.6
rottentomatoes,293660,8.5
imdb,59965,5.1
tmdb,59965,5.9
rottentomatoes,59965,0.5
imdb,68735,6.8
tmdb,68735,6.3
rottentomatoes,68735,2.8
imdb,44264,7.6
tmdb,44264,7.3
rottentomatoes,44264,9.6
imdb,36647,7.1
tmdb,36647,6.7
rottentomatoes,36647,5.6
imdb,132363,7.2
tmdb,132363,7.4
imdb,9833,7.2
tmdb,9833,7.3
imdb,7442,6.3
tmdb,7442,6.5
rottentomatoes,7442,2.0
imdb,16871,6.5
tmdb,16871,6.3
rottentomatoes,16871,9.2
imdb,38055,7.3
tmdb,38055,6.9
rottentomatoes,38055,7.2
imdb,1281,6.5
tmdb,1281,6.5
rottentomatoes,1281,4.4
imdb,9800,7.7
tmdb,9800,7.7
rottentomatoes,9800,8.0
imdb,433,7.8
tmdb,433,7.6
rottentomatoes,433,10.0
imdb,1584,7.1
tmdb,1584,7.1
rottentomatoes,1584,9.1
imdb,1690,5.9
tmdb,1690,5.9
imdb,23168,7.5
tmdb,23168,7.2
rottentomatoes,23168,9.3
imdb,71688,6.4
tmdb,71688,6.4
imdb,49849,6.0
tmdb,49849,5.6
rottentomatoes,49849,4.4
imdb,447404,6.6
tmdb,447404,7.0
rottentomatoes,447404,6.8
imdb,6439,5.2
tmdb,6439,5.8
rottentomatoes,6439,3.5
imdb,943,6.7
tmdb,943,6.7
rottentomatoes,943,6.0
imdb,168672,7.2
tmdb,168672,6.8
rottentomatoes,168672,9.2
imdb,4347,7.8
tmdb,4347,7.7
rottentomatoes,4347,8.3
imdb,8470,7.1
tmdb,8470,7.2
rottentomatoes,8470,2.3
imdb,668,6.7
tmdb,668,6.6
rottentomatoes,668,8.1
imdb,138103,6.1
tmdb,138103,6.2
rottentomatoes,138103,3.2
imdb,2789,6.7
tmdb,2789,6.5
rottentomatoes,2789,2.9
imdb,11,8.6
tmdb,11,8.2
imdb,168530,6.2
tmdb,168530,6.2
rottentomatoes,168530,1.8
imdb,10395,6.2
tmdb,10395,6.1
rottentomatoes,10395,6.0
imdb,504172,7.0
tmdb,504172,6.8
rottentomatoes,504172,7.0
imdb,10158,6.8
tmdb,10158,6.7
rottentomatoes,10158,7.6
imdb,12556,5.8
tmdb,12556,5.9
rottentomatoes,12556,2.7
imdb,316029,7.6
tmdb,316029,8.0
rottentomatoes,316029,5.6
imdb,20943,6.4
tmdb,20943,6.5
rottentomatoes,20943,1.4
imdb,9489,6.7
tmdb,9489,6.6
rottentomatoes,9489,7.0
imdb,249070,5.7
tmdb,249070,5.8
rottentomatoes,249070,0.9
imdb,2668,7.3
tmdb,2668,7.1
rottentomatoes,2668,6.9
imdb,256591,6.6
tmdb,256591,6.9
rottentomatoes,256591,5.6
imdb,23437,5.2
tmdb,23437,5.5
rottentomatoes,23437,1.5
imdb,48138,6.8
tmdb,48138,6.6
rottentomatoes,48138,5.4
imdb,120467,8.1
tmdb,120467,8.0
rottentomatoes,120467,9.1
imdb,118340,8.0
tmdb,118340,7.9
rottentomatoes,118340,9.1
imdb,9325,7.6
tmdb,9325,7.3
rottentomatoes,9325,8.8
imdb,9798,7.3
tmdb,9798,7.0
rottentomatoes,9798,7.2
imdb,36669,6.1
tmdb,36669,6.0
rottentomatoes,36669,5.7
imdb,256040,8.0
tmdb,256040,7.5
imdb,20662,6.6
tmdb,20662,6.4
rottentomatoes,20662,4.3
imdb,377447,5.8
tmdb,377447,5.9
imdb,437068,7.9
tmdb,437068,8.2
imdb,1634,6.0
tmdb,1634,6.2
rottentomatoes,1634,6.8
imdb,431530,5.6
tmdb,431530,6.3
rottentomatoes,431530,3.2
imdb,11036,7.8
tmdb,11036,7.9
rottentomatoes,11036,5.3
imdb,10603,5.5
tmdb,10603,5.6
rottentomatoes,10603,5.6
imdb,10009,6.8
tmdb,10009,7.2
rottentomatoes,10009,3.7
imdb,591,6.6
tmdb,591,6.7
rottentomatoes,591,2.6
imdb,267860,5.9
tmdb,267860,6.1
rottentomatoes,267860,2.8
imdb,8358,7.8
tmdb,8358,7.7
rottentomatoes,8358,8.8
imdb,926,7.3
tmdb,926,7.1
rottentomatoes,926,9.0
imdb,11595,5.9
tmdb,11595,6.0
rottentomatoes,11595,2.1
imdb,16869,8.3
tmdb,16869,8.2
rottentomatoes,16869,8.9
imdb,83542,7.4
tmdb,83542,6.9
rottentomatoes,83542,6.7
imdb,335796,6.2
tmdb,335796,6.1
rottentomatoes,335796,8.2
imdb,566555,6.3
tmdb,566555,5.9
imdb,345887,6.7
tmdb,345887,6.6
imdb,9767,5.8
tmdb,9767,5.8
rottentomatoes,9767,3.4
imdb,2698,5.4
tmdb,2698,5.5
rottentomatoes,2698,2.3
imdb,9342,6.8
tmdb,9342,6.5
rottentomatoes,9342,8.2
imdb,143830,7.1
tmdb,143830,9.0
imdb,302688,6.0
tmdb,302688,5.9
rottentomatoes,302688,2.7
imdb,927,7.3
tmdb,927,7.1
rottentomatoes,927,8.5
imdb,8587,8.5
tmdb,8587,8.3
rottentomatoes,8587,9.3
imdb,2288,7.2
tmdb,2288,6.8
rottentomatoes,2288,6.8
imdb,424,8.9
tmdb,424,8.6
rottentomatoes,424,9.7
imdb,1885,7.3
tmdb,1885,7.1
rottentomatoes,1885,8.9
imdb,432527,7.0
tmdb,432527,6.9
imdb,376812,7.0
tmdb,376812,7.0
imdb,820,8.0
tmdb,820,7.6
rottentomatoes,820,8.4
imdb,109431,5.7
tmdb,109431,5.8
rottentomatoes,109431,1.9
imdb,10730,5.9
tmdb,10730,6.2
rottentomatoes,10730,5.3
imdb,2300,6.5
tmdb,2300,6.9
rottentomatoes,2300,4.3
imdb,11674,5.7
tmdb,11674,5.9
rottentomatoes,11674,4.1
imdb,114150,7.1
tmdb,114150,7.3
rottentomatoes,114150,8.0
imdb,14741,7.4
tmdb,14741,7.0
rottentomatoes,14741,8.4
imdb,566525,7.6
tmdb,566525,7.9
imdb,384018,6.5
tmdb,384018,6.9
rottentomatoes,384018,6.7
imdb,651,7.4
tmdb,651,7.1
rottentomatoes,651,8.7
imdb,522478,6.2
tmdb,522478,7.4
imdb,9600,5.2
tmdb,9600,5.8
rottentomatoes,9600,3.0
imdb,1819,5.6
tmdb,1819,5.6
rottentomatoes,1819,2.0
imdb,8699,7.2
tmdb,8699,6.7
imdb,259693,7.3
tmdb,259693,7.3
rottentomatoes,259693,8.0
imdb,117251,6.3
tmdb,117251,6.4
rottentomatoes,117251,5.2
imdb,1813,7.5
tmdb,1813,7.4
rottentomatoes,1813,6.3
imdb,12289,7.4
tmdb,12289,7.2
imdb,8840,6.5
tmdb,8840,6.6
imdb,62214,6.9
tmdb,62214,6.9
rottentomatoes,62214,8.7
imdb,49530,6.7
tmdb,49530,6.9
rottentomatoes,49530,3.7
imdb,9890,5.3
tmdb,9890,5.7
rottentomatoes,9890,2.6
imdb,612,7.5
tmdb,612,7.1
rottentomatoes,612,7.8
imdb,102651,7.0
tmdb,102651,7.1
rottentomatoes,102651,5.4
imdb,77338,8.5
tmdb,77338,8.3
imdb,15670,4.5
tmdb,15670,6.6
rottentomatoes,15670,2.9
imdb,381289,7.2
tmdb,381289,7.6
rottentomatoes,381289,3.5
imdb,525,7.9
tmdb,525,7.7
rottentomatoes,525,8.4
imdb,9715,6.1
tmdb,9715,6.4
rottentomatoes,9715,2.6
imdb,565,7.1
tmdb,565,6.6
rottentomatoes,565,7.1
imdb,44947,6.9
tmdb,44947,6.7
imdb,59108,6.2
tmdb,59108,6.0
rottentomatoes,59108,6.7
imdb,397,6.6
tmdb,397,6.4
imdb,9509,7.7
tmdb,9509,7.4
rottentomatoes,9509,3.8
imdb,38700,6.6
tmdb,38700,7.2
rottentomatoes,38700,7.7
imdb,194,8.3
tmdb,194,7.9
imdb,8856,6.1
tmdb,8856,6.2
rottentomatoes,8856,4.5
imdb,370567,5.2
tmdb,370567,5.6
rottentomatoes,370567,2.7
imdb,513692,6.9
tmdb,513692,7.5
imdb,1930,6.9
tmdb,1930,6.6
rottentomatoes,1930,7.3
imdb,10998,6.9
tmdb,10998,6.8
rottentomatoes,10998,7.6
imdb,31357,6.0
tmdb,31357,6.3
rottentomatoes,31357,5.6
imdb,2486,5.1
tmdb,2486,5.0
rottentomatoes,2486,1.6
imdb,215,6.6
tmdb,215,6.6
rottentomatoes,215,3.7
imdb,109443,6.3
tmdb,109443,6.1
rottentomatoes,109443,7.4
imdb,8012,6.9
tmdb,8012,6.5
rottentomatoes,8012,8.8
imdb,440,4.6
tmdb,440,5.1
imdb,493006,6.3
tmdb,493006,5.9
imdb,427641,6.1
tmdb,427641,6.5
rottentomatoes,427641,5.1
imdb,38167,5.8
tmdb,38167,6.2
rottentomatoes,38167,3.6
imdb,2976,6.7
tmdb,2976,6.7
rottentomatoes,2976,9.1
imdb,10196,4.0
tmdb,10196,4.7
rottentomatoes,10196,0.5
imdb,2667,6.5
tmdb,2667,6.3
rottentomatoes,2667,8.6
imdb,188183,6.4
tmdb,188183,6.5
imdb,392,7.2
tmdb,392,6.9
rottentomatoes,392,6.2
imdb,312221,7.6
tmdb,312221,7.4
rottentomatoes,312221,9.5
imdb,49521,7.0
tmdb,49521,6.6
rottentomatoes,49521,5.6
imdb,522627,7.8
tmdb,522627,7.7
imdb,570670,7.1
tmdb,570670,7.2
rottentomatoes,570670,9.1
imdb,76487,4.2
tmdb,76487,4.8
rottentomatoes,76487,0.6
imdb,1588,6.1
tmdb,1588,6.2
rottentomatoes,1588,6.3
imdb,68718,8.4
tmdb,68718,8.1
rottentomatoes,68718,8.7
imdb,490132,8.2
tmdb,490132,8.3
rottentomatoes,490132,7.7
imdb,109451,6.4
tmdb,109451,6.4
rottentomatoes,109451,7.0
imdb,10661,5.5
tmdb,10661,5.7
imdb,453405,5.7
tmdb,453405,6.4
rottentomatoes,453405,2.6
imdb,6076,6.5
tmdb,6076,6.2
imdb,707,6.3
tmdb,707,6.1
rottentomatoes,707,3.8
imdb,22971,6.3
tmdb,22971,6.9
rottentomatoes,22971,2.9
imdb,10192,6.3
tmdb,10192,6.3
rottentomatoes,10192,5.8
imdb,88751,5.8
tmdb,88751,6.0
rottentomatoes,88751,6.1
imdb,527774,7.4
tmdb,527774,8.1
imdb,138843,7.5
tmdb,138843,7.5
rottentomatoes,138843,8.6
imdb,605,6.8
tmdb,605,6.7
rottentomatoes,605,3.5
imdb,1621,7.5
tmdb,1621,7.2
rottentomatoes,1621,8.7
imdb,10719,7.0
tmdb,10719,6.6
rottentomatoes,10719,8.4
imdb,75674,6.5
tmdb,75674,6.4
rottentomatoes,75674,2.7
imdb,9741,7.3
tmdb,9741,7.1
rottentomatoes,9741,7.0
imdb,2924,6.7
tmdb,2924,6.7
imdb,6466,5.7
tmdb,6466,6.0
rottentomatoes,6466,4.1
imdb,9477,6.3
tmdb,9477,6.3
rottentomatoes,9477,3.1
imdb,18240,6.7
tmdb,18240,7.1
rottentomatoes,18240,4.5
imdb,8831,5.9
tmdb,8831,5.9
rottentomatoes,8831,4.5
imdb,9279,5.6
tmdb,9279,6.0
rottentomatoes,9279,1.5
imdb,10020,8.0
tmdb,10020,7.7
rottentomatoes,10020,9.4
imdb,346685,6.5
tmdb,346685,6.4
rottentomatoes,346685,4.4
imdb,9336,6.7
tmdb,9336,6.6
rottentomatoes,9336,5.4
imdb,8467,7.3
tmdb,8467,6.6
rottentomatoes,8467,6.8
imdb,1645,7.5
tmdb,1645,7.3
rottentomatoes,1645,6.7
imdb,1636,6.0
tmdb,1636,6.0
imdb,90,7.3
tmdb,90,7.2
rottentomatoes,90,8.2
imdb,2044,6.8
tmdb,2044,6.9
rottentomatoes,2044,3.5
imdb,131631,6.6
tmdb,131631,6.8
rottentomatoes,131631,6.9
imdb,2623,7.0
tmdb,2623,7.0
rottentomatoes,2623,7.9
imdb,41515,4.6
tmdb,41515,5.7
rottentomatoes,41515,1.3
imdb,10189,6.9
tmdb,10189,6.6
rottentomatoes,10189,6.8
imdb,4232,7.3
tmdb,4232,7.3
rottentomatoes,4232,7.8
imdb,35056,6.3
tmdb,35056,6.1
rottentomatoes,35056,6.6
imdb,109418,5.4
tmdb,109418,6.1
rottentomatoes,109418,0.8
imdb,581,8.0
tmdb,581,7.8
imdb,10521,5.5
tmdb,10521,6.2
rottentomatoes,10521,1.1
imdb,2832,7.3
tmdb,2832,7.2
rottentomatoes,2832,6.2
imdb,9772,6.5
tmdb,9772,6.4
rottentomatoes,9772,7.8
imdb,24803,7.0
tmdb,24803,6.7
rottentomatoes,24803,7.7
imdb,219572,6.0
tmdb,219572,6.0
imdb,2289,7.2
tmdb,2289,6.9
rottentomatoes,2289,7.1
imdb,253412,7.1
tmdb,253412,6.8
rottentomatoes,253412,7.3
imdb,9072,4.5
tmdb,9072,5.9
rottentomatoes,9072,1.2
imdb,127585,7.9
tmdb,127585,7.5
rottentomatoes,127585,9.0
imdb,450465,6.6
tmdb,450465,6.7
rottentomatoes,450465,3.7
imdb,393,8.0
tmdb,393,7.9
imdb,12201,6.6
tmdb,12201,6.3
rottentomatoes,12201,5.5
imdb,10590,7.2
tmdb,10590,7.1
rottentomatoes,10590,6.3
imdb,1577,6.2
tmdb,1577,6.4
rottentomatoes,1577,2.0
imdb,96721,8.1
tmdb,96721,7.7
rottentomatoes,96721,8.8
imdb,580489,6.3
tmdb,580489,6.8
imdb,76163,6.6
tmdb,76163,6.3
rottentomatoes,76163,6.8
imdb,80321,6.8
tmdb,80321,6.6
rottentomatoes,80321,7.8
imdb,12090,5.5
tmdb,12090,5.7
imdb,415214,6.6
tmdb,415214,7.0
imdb,1903,6.9
tmdb,1903,6.8
rottentomatoes,1903,4.2
imdb,227973,7.1
tmdb,227973,6.8
rottentomatoes,227973,8.7
imdb,9294,6.4
tmdb,9294,6.3
rottentomatoes,9294,5.0
imdb,346672,5.8
tmdb,346672,5.8
imdb,9641,5.5
tmdb,9641,6.1
rottentomatoes,9641,0.6
imdb,32823,6.3
tmdb,32823,5.9
rottentomatoes,32823,7.2
imdb,9982,5.7
tmdb,9982,5.9
rottentomatoes,9982,3.7
imdb,855,7.7
tmdb,855,7.4
rottentomatoes,855,7.6
imdb,373449,6.2
tmdb,373449,6.0
imdb,329865,7.9
tmdb,329865,7.6
rottentomatoes,329865,9.4
imdb,1271,7.6
tmdb,1271,7.2
imdb,9470,7.7
tmdb,9470,7.4
imdb,10329,5.2
tmdb,10329,5.5
rottentomatoes,10329,2.2
imdb,297761,5.9
tmdb,297761,5.9
rottentomatoes,297761,2.6
imdb,44896,7.2
tmdb,44896,6.7
rottentomatoes,44896,8.8
imdb,10625,7.0
tmdb,10625,7.2
rottentomatoes,10625,8.4
imdb,2898,7.7
tmdb,2898,7.4
rottentomatoes,2898,8.5
imdb,11888,5.2
tmdb,11888,5.7
rottentomatoes,11888,2.5
imdb,639557,6.8
tmdb,639557,7.1
imdb,384682,5.9
tmdb,384682,5.6
rottentomatoes,384682,4.1
imdb,2756,7.5
tmdb,2756,7.3
imdb,712,7.1
tmdb,712,6.8
rottentomatoes,712,9.6
imdb,245,7.1
tmdb,245,6.7
rottentomatoes,245,9.3
imdb,136797,6.4
tmdb,136797,6.3
imdb,2454,6.5
tmdb,2454,6.6
rottentomatoes,2454,6.7
imdb,453,8.2
tmdb,453,7.9
rottentomatoes,453,7.4
imdb,10040,5.2
tmdb,10040,5.7
imdb,13885,7.3
tmdb,13885,7.2
rottentomatoes,13885,8.6
imdb,82696,6.3
tmdb,82696,6.2
rottentomatoes,82696,7.5
imdb,12589,6.0
tmdb,12589,5.9
imdb,411,6.9
tmdb,411,7.1
imdb,9021,5.7
tmdb,9021,5.9
rottentomatoes,9021,5.6
imdb,496230,5.4
tmdb,496230,5.5
imdb,36648,5.8
tmdb,36648,5.9
rottentomatoes,36648,2.6
imdb,448119,5.6
tmdb,448119,6.8
rottentomatoes,448119,1.4
imdb,564,7.0
tmdb,564,6.9
rottentomatoes,564,6.1
imdb,481084,5.8
tmdb,481084,6.7
rottentomatoes,481084,4.4
imdb,294254,6.3
tmdb,294254,6.7
rottentomatoes,294254,4.6
imdb,2280,7.3
tmdb,2280,7.1
rottentomatoes,2280,9.7
imdb,75,6.4
tmdb,75,6.4
rottentomatoes,75,5.4
imdb,9762,6.5
tmdb,9762,6.9
rottentomatoes,9762,2.1
imdb,10159,6.7
tmdb,10159,6.4
rottentomatoes,10159,6.9
imdb,11202,7.9
tmdb,11202,7.5
rottentomatoes,11202,9.4
imdb,754,7.2
tmdb,754,7.0
rottentomatoes,754,9.2
imdb,62211,7.2
tmdb,62211,7.0
rottentomatoes,62211,8.0
imdb,5551,6.5
tmdb,5551,6.4
rottentomatoes,5551,7.8
imdb,208134,6.5
tmdb,208134,6.1
rottentomatoes,208134,6.1
imdb,4233,6.2
tmdb,4233,6.4
rottentomatoes,4233,8.1
imdb,12429,7.7
tmdb,12429,7.7
imdb,10140,6.3
tmdb,10140,6.4
rottentomatoes,10140,5.0
imdb,173897,5.5
tmdb,173897,6.1
imdb,24420,7.1
tmdb,24420,6.9
rottentomatoes,24420,3.8
imdb,19899,5.5
tmdb,19899,5.5
rottentomatoes,19899,1.0
imdb,14411,6.7
tmdb,14411,6.9
rottentomatoes,14411,4.5
imdb,23629,6.0
tmdb,23629,6.1
rottentomatoes,23629,2.2
imdb,68737,5.5
tmdb,68737,5.5
imdb,401981,6.6
tmdb,401981,6.5
rottentomatoes,401981,4.5
imdb,1213,7.4
tmdb,1213,7.2
rottentomatoes,1213,8.3
imdb,817,6.6
tmdb,817,6.2
rottentomatoes,817,5.2
imdb,308531,6.0
tmdb,308531,6.0
rottentomatoes,308531,3.7
imdb,10312,6.8
tmdb,10312,7.3
rottentomatoes,10312,2.2
imdb,604,7.2
tmdb,604,7.0
rottentomatoes,604,7.3
imdb,324668,6.6
tmdb,324668,6.3
rottentomatoes,324668,5.4
imdb,236751,5.8
tmdb,236751,6.6
rottentomatoes,236751,5.1
imdb,8916,6.5
tmdb,8916,6.1
rottentomatoes,8916,9.2
imdb,42297,6.4
tmdb,42297,7.2
rottentomatoes,42297,3.7
imdb,2039,7.1
tmdb,2039,6.8
rottentomatoes,2039,9.3
imdb,21407,6.4
tmdb,21407,6.6
rottentomatoes,21407,2.9
imdb,9481,6.7
tmdb,9481,6.8
rottentomatoes,9481,2.9
imdb,9327,5.6
tmdb,9327,5.6
imdb,324849,7.3
tmdb,324849,7.2
rottentomatoes,324849,9.0
imdb,62213,6.2
tmdb,62213,6.0
rottentomatoes,62213,3.6
imdb,14160,8.2
tmdb,14160,7.9
rottentomatoes,14160,9.8
imdb,7552,6.2
tmdb,7552,6.2
imdb,1372,8.0
tmdb,1372,7.5
rottentomatoes,1372,6.3
imdb,21629,6.8
tmdb,21629,6.6
rottentomatoes,21629,6.7
imdb,49517,7.1
tmdb,49517,6.6
rottentomatoes,49517,8.3
imdb,76170,6.7
tmdb,76170,6.4
rottentomatoes,76170,7.1
imdb,631843,5.8
tmdb,631843,6.7
imdb,1439,6.7
tmdb,1439,6.7
imdb,218836,6.0
tmdb,218836,6.1
imdb,606,7.2
tmdb,606,7.2
rottentomatoes,606,5.9
imdb,1927,5.6
tmdb,1927,5.5
rottentomatoes,1927,6.2
imdb,49047,7.7
tmdb,49047,7.2
rottentomatoes,49047,9.6
imdb,228165,6.0
tmdb,228165,6.1
rottentomatoes,228165,8.1
imdb,4638,7.8
tmdb,4638,7.5
rottentomatoes,4638,9.1
imdb,6977,8.1
tmdb,6977,7.9
rottentomatoes,6977,9.3
imdb,1647,6.6
tmdb,1647,6.4
rottentomatoes,1647,4.3
imdb,6282,5.7
tmdb,6282,6.3
rottentomatoes,6282,2.3
imdb,11412,6.8
tmdb,11412,6.6
rottentomatoes,11412,7.0
imdb,1498,6.8
tmdb,1498,6.6
imdb,4564,5.6
tmdb,4564,6.6
rottentomatoes,4564,5.0
imdb,6877,5.6
tmdb,6877,5.8
rottentomatoes,6877,2.3
imdb,7461,6.6
tmdb,7461,6.4
rottentomatoes,7461,3.4
imdb,8265,7.1
tmdb,8265,6.7
imdb,298,6.9
tmdb,298,6.7
rottentomatoes,298,7.0
imdb,385128,5.2
tmdb,385128,7.4
imdb,274479,6.6
tmdb,274479,6.5
rottentomatoes,274479,6.1
imdb,40264,3.4
tmdb,40264,4.2
rottentomatoes,40264,0.4
imdb,11917,5.8
tmdb,11917,6.2
rottentomatoes,11917,1.3
imdb,951,6.2
tmdb,951,6.1
rottentomatoes,951,5.1
imdb,158015,5.7
tmdb,158015,6.3
rottentomatoes,158015,4.0
imdb,431693,6.8
tmdb,431693,7.7
rottentomatoes,431693,7.6
imdb,59436,7.7
tmdb,59436,7.5
rottentomatoes,59436,9.3
imdb,207703,7.7
tmdb,207703,7.6
imdb,266647,5.7
tmdb,266647,6.0
rottentomatoes,266647,2.7
imdb,238,9.2
tmdb,238,8.7
rottentomatoes,238,9.8
imdb,39451,5.5
tmdb,39451,5.6
rottentomatoes,39451,0.9
imdb,320,7.2
tmdb,320,6.9
rottentomatoes,320,9.2
imdb,11846,6.5
tmdb,11846,6.4
rottentomatoes,11846,7.0
imdb,10684,6.6
tmdb,10684,6.5
rottentomatoes,10684,8.5
imdb,449443,7.0
tmdb,449443,6.7
rottentomatoes,449443,4.1
imdb,324552,7.5
tmdb,324552,7.3
rottentomatoes,324552,8.9
imdb,100402,7.7
tmdb,100402,7.7
rottentomatoes,100402,9.0
imdb,495764,6.1
tmdb,495764,7.0
imdb,12133,6.9
tmdb,12133,6.6
rottentomatoes,12133,5.5
imdb,11371,6.8
tmdb,11371,6.7
rottentomatoes,11371,7.3
imdb,45269,8.0
tmdb,45269,7.7
rottentomatoes,45269,9.4
imdb,64686,6.3
tmdb,64686,6.1
rottentomatoes,64686,1.6
imdb,508,7.6
tmdb,508,7.1
rottentomatoes,508,6.4
imdb,511987,6.1
tmdb,511987,6.3
rottentomatoes,511987,8.3
imdb,5255,6.6
tmdb,5255,6.7
rottentomatoes,5255,5.6
imdb,550,8.8
tmdb,550,8.4
rottentomatoes,550,7.9
imdb,7520,5.9
tmdb,7520,6.0
rottentomatoes,7520,0.7
imdb,145220,6.4
tmdb,145220,6.3
rottentomatoes,145220,8.0
imdb,1965,6.5
tmdb,1965,6.5
rottentomatoes,1965,5.6
imdb,9482,5.6
tmdb,9482,5.7
rottentomatoes,9482,2.0
imdb,50619,4.9
tmdb,50619,6.2
imdb,399404,7.4
tmdb,399404,7.4
rottentomatoes,399404,8.4
imdb,218778,6.2
tmdb,218778,6.2
rottentomatoes,218778,6.1
imdb,49730,5.5
tmdb,49730,6.0
rottentomatoes,49730,1.0
imdb,277216,7.8
tmdb,277216,7.8
rottentomatoes,277216,8.9
imdb,184315,6.0
tmdb,184315,5.7
rottentomatoes,184315,5.8
imdb,360814,8.4
tmdb,360814,8.0
imdb,18360,6.0
tmdb,18360,6.1
imdb,2082,6.1
tmdb,2082,6.2
rottentomatoes,2082,2.7
imdb,98567,6.1
tmdb,98567,6.2
imdb,232672,6.5
tmdb,232672,6.8
rottentomatoes,232672,1.4
imdb,35690,6.0
tmdb,35690,7.2
rottentomatoes,35690,2.1
imdb,64688,7.2
tmdb,64688,6.9
rottentomatoes,64688,8.4
imdb,9348,5.8
tmdb,9348,5.9
rottentomatoes,9348,4.3
imdb,395992,6.6
tmdb,395992,6.4
rottentomatoes,395992,6.7
imdb,13053,6.8
tmdb,13053,6.5
rottentomatoes,13053,8.9
imdb,10326,6.3
tmdb,10326,6.5
rottentomatoes,10326,5.7
imdb,119450,7.6
tmdb,119450,7.3
imdb,493922,7.3
tmdb,493922,7.2
rottentomatoes,493922,8.9
imdb,8328,6.2
tmdb,8328,6.7
imdb,2109,7.0
tmdb,2109,6.9
rottentomatoes,2109,6.1
imdb,2022,5.8
tmdb,2022,5.8
rottentomatoes,2022,2.2
imdb,268,7.5
tmdb,268,7.2
imdb,3595,6.7
tmdb,3595,6.7
rottentomatoes,3595,7.5
imdb,9879,4.5
tmdb,9879,5.5
rottentomatoes,9879,1.1
imdb,9335,6.3
tmdb,9335,6.3
rottentomatoes,9335,5.2
imdb,8920,5.0
tmdb,8920,5.6
imdb,1729,6.6
tmdb,1729,6.6
rottentomatoes,1729,6.4
imdb,196,7.4
tmdb,196,7.4
rottentomatoes,196,8.0
imdb,226486,4.9
tmdb,226486,5.3
rottentomatoes,226486,2.4
imdb,11329,7.1
tmdb,11329,6.9
rottentomatoes,11329,7.3
imdb,686,7.5
tmdb,686,7.4
rottentomatoes,686,6.6
imdb,18239,4.8
tmdb,18239,6.0
rottentomatoes,18239,2.8
imdb,205584,5.4
tmdb,205584,5.6
imdb,12113,7.1
tmdb,12113,6.6
rottentomatoes,12113,5.5
imdb,619,6.3
tmdb,619,6.6
rottentomatoes,619,3.3
imdb,38050,7.0
tmdb,38050,6.7
rottentomatoes,38050,7.1
imdb,4806,5.6
tmdb,4806,6.1
rottentomatoes,4806,4.6
imdb,1669,7.6
tmdb,1669,7.4
rottentomatoes,1669,8.9
imdb,82700,4.8
tmdb,82700,5.2
rottentomatoes,82700,1.1
imdb,773,7.8
tmdb,773,7.7
rottentomatoes,773,9.1
imdb,2800,5.5
tmdb,2800,5.6
imdb,7191,7.0
tmdb,7191,6.6
rottentomatoes,7191,7.7
imdb,711,7.3
tmdb,711,7.1
rottentomatoes,711,7.4
imdb,65759,5.9
tmdb,65759,6.1
rottentomatoes,65759,4.5
imdb,1788,6.6
tmdb,1788,6.6
rottentomatoes,1788,5.2
imdb,546554,7.9
tmdb,546554,7.9
rottentomatoes,546554,9.7
imdb,343668,6.7
tmdb,343668,7.0
rottentomatoes,343668,5.1
imdb,7555,7.0
tmdb,7555,6.6
imdb,1858,7.0
tmdb,1858,6.7
rottentomatoes,1858,5.8
imdb,9038,5.8
tmdb,9038,5.7
rottentomatoes,9038,2.8
imdb,2253,7.1
tmdb,2253,6.9
rottentomatoes,2253,6.2
imdb,257344,5.5
tmdb,257344,5.7
rottentomatoes,257344,1.7
imdb,14444,5.9
tmdb,14444,6.1
rottentomatoes,14444,5.9
imdb,228194,7.3
tmdb,228194,7.3
rottentomatoes,228194,6.7
imdb,27581,6.7
tmdb,27581,6.3
rottentomatoes,27581,7.8
imdb,9208,6.1
tmdb,9208,6.0
rottentomatoes,9208,5.2
imdb,22881,7.6
tmdb,22881,7.6
rottentomatoes,22881,6.6
imdb,2636,5.6
tmdb,2636,5.8
rottentomatoes,2636,0.7
imdb,10671,6.6
tmdb,10671,6.4
rottentomatoes,10671,7.3
imdb,881,7.7
tmdb,881,7.5
rottentomatoes,881,8.3
imdb,65086,6.4
tmdb,65086,6.1
rottentomatoes,65086,6.7
imdb,353491,5.6
tmdb,353491,5.7
rottentomatoes,353491,1.6
imdb,479794,6.0
tmdb,479794,5.8
imdb,282035,5.4
tmdb,282035,5.5
rottentomatoes,282035,1.6
imdb,513434,7.7
tmdb,513434,7.7
imdb,69798,6.7
tmdb,69798,6.2
imdb,102382,6.5
tmdb,102382,6.4
rottentomatoes,102382,5.1
imdb,18487,6.4
tmdb,18487,6.3
rottentomatoes,18487,5.1
imdb,222935,7.7
tmdb,222935,7.6
imdb,9384,6.1
tmdb,9384,5.8
rottentomatoes,9384,6.2
imdb,44560,7.5
tmdb,44560,7.2
imdb,278154,5.7
tmdb,278154,6.0
rottentomatoes,278154,1.8
imdb,22794,6.9
tmdb,22794,6.6
imdb,3536,6.6
tmdb,3536,6.4
rottentomatoes,3536,6.8
imdb,346364,7.3
tmdb,346364,7.2
rottentomatoes,346364,8.5
imdb,240417,6.5
tmdb,240417,6.0
imdb,335462,5.4
tmdb,335462,6.3
imdb,12153,5.7
tmdb,12153,6.9
rottentomatoes,12153,1.5
imdb,611698,6.2
tmdb,611698,7.4
imdb,1402,8.0
tmdb,1402,7.9
rottentomatoes,1402,6.7
imdb,65,7.1
tmdb,65,7.1
rottentomatoes,65,7.5
imdb,4380,6.1
tmdb,4380,6.3
imdb,3580,7.7
tmdb,3580,7.6
rottentomatoes,3580,6.2
imdb,1247,6.7
tmdb,1247,6.4
rottentomatoes,1247,5.5
imdb,2675,6.7
tmdb,2675,6.6
rottentomatoes,2675,7.4
imdb,6520,6.0
tmdb,6520,6.1
rottentomatoes,6520,4.3
imdb,157336,8.6
tmdb,157336,8.4
rottentomatoes,157336,7.2
imdb,19610,6.1
tmdb,19610,6.0
imdb,76285,5.8
tmdb,76285,6.0
rottentomatoes,76285,4.2
imdb,351694,6.8
tmdb,351694,7.0
imdb,81188,7.3
tmdb,81188,7.3
rottentomatoes,81188,7.5
imdb,274167,6.2
tmdb,274167,6.2
rottentomatoes,274167,3.1
imdb,55384,5.8
tmdb,55384,5.4
imdb,9563,6.9
tmdb,9563,6.8
rottentomatoes,9563,5.2
imdb,36685,7.4
tmdb,36685,7.6
rottentomatoes,36685,8.0
imdb,24021,5.0
tmdb,24021,6.2
rottentomatoes,24021,4.8
imdb,1667,7.5
tmdb,1667,7.0
imdb,36658,7.4
tmdb,36658,7.0
imdb,11824,6.1
tmdb,11824,6.2
rottentomatoes,11824,4.2
imdb,840,7.6
tmdb,840,7.4
rottentomatoes,840,9.4
imdb,423108,6.3
tmdb,423108,7.8
imdb,12154,6.1
tmdb,12154,6.1
imdb,348892,8.0
tmdb,348892,7.9
imdb,9532,6.7
tmdb,9532,6.5
rottentomatoes,9532,3.5
imdb,34851,6.4
tmdb,34851,6.2
rottentomatoes,34851,6.4
imdb,10877,5.6
tmdb,10877,5.6
rottentomatoes,10877,3.3
imdb,10996,5.5
tmdb,10996,5.7
rottentomatoes,10996,8.1
imdb,16523,6.7
tmdb,16523,6.5
rottentomatoes,16523,7.3
imdb,56292,7.4
tmdb,56292,7.0
imdb,1574,7.2
tmdb,1574,7.2
rottentomatoes,1574,8.6
imdb,14306,7.1
tmdb,14306,7.2
rottentomatoes,14306,6.2
imdb,68726,6.9
tmdb,68726,6.8
rottentomatoes,68726,7.2
imdb,11006,7.0
tmdb,11006,6.9
rottentomatoes,11006,8.0
imdb,2642,6.2
tmdb,2642,6.3
rottentomatoes,2642,4.2
imdb,10136,6.0
tmdb,10136,5.9
rottentomatoes,10136,2.6
imdb,518068,7.2
tmdb,518068,8.2
imdb,44825,8.5
tmdb,44825,7.9
imdb,205220,7.6
tmdb,205220,7.4
rottentomatoes,205220,9.0
imdb,454626,6.5
tmdb,454626,7.4
rottentomatoes,454626,6.3
imdb,70160,7.2
tmdb,70160,7.2
rottentomatoes,70160,8.4
imdb,22803,7.4
tmdb,22803,7.3
rottentomatoes,22803,2.6
imdb,399579,7.3
tmdb,399579,7.2
rottentomatoes,399579,6.1
imdb,97020,6.1
tmdb,97020,5.8
rottentomatoes,97020,4.8
imdb,252838,6.6
tmdb,252838,6.5
rottentomatoes,252838,2.9
imdb,199,7.6
tmdb,199,7.3
rottentomatoes,199,9.2
imdb,10488,6.0
tmdb,10488,5.9
rottentomatoes,10488,5.1
imdb,64635,6.2
tmdb,64635,6.0
rottentomatoes,64635,3.1
imdb,396422,6.5
tmdb,396422,6.6
rottentomatoes,396422,7.1
imdb,277834,7.6
tmdb,277834,7.6
rottentomatoes,277834,9.5
imdb,9268,6.1
tmdb,9268,6.0
rottentomatoes,9268,3.8
imdb,1735,5.2
tmdb,1735,5.4
rottentomatoes,1735,1.2
imdb,28,8.4
tmdb,28,8.3
rottentomatoes,28,9.8
imdb,12103,6.3
tmdb,12103,6.2
rottentomatoes,12103,2.4
imdb,76494,5.7
tmdb,76494,6.0
rottentomatoes,76494,2.2
imdb,406997,8.0
tmdb,406997,8.2
rottentomatoes,406997,8.5
imdb,602666,5.7
tmdb,602666,5.2
imdb,363676,7.4
tmdb,363676,7.1
rottentomatoes,363676,8.5
imdb,70981,7.0
tmdb,70981,6.5
rottentomatoes,70981,7.3
imdb,341013,6.7
tmdb,341013,6.4
rottentomatoes,341013,7.8
imdb,46529,6.1
tmdb,46529,6.2
rottentomatoes,46529,3.3
imdb,11123,5.9
tmdb,11123,6.1
rottentomatoes,11123,4.2
imdb,47964,5.3
tmdb,47964,5.3
imdb,615453,7.5
tmdb,615453,8.0
imdb,121856,5.7
tmdb,121856,5.4
rottentomatoes,121856,1.8
imdb,2275,6.4
tmdb,2275,6.4
rottentomatoes,2275,2.1
imdb,520393,7.0
tmdb,520393,6.1
imdb,860,7.1
tmdb,860,7.1
imdb,770,8.1
tmdb,770,8.0
imdb,9339,6.4
tmdb,9339,6.2
rottentomatoes,9339,3.4
imdb,10674,7.6
tmdb,10674,7.9
rottentomatoes,10674,8.6
imdb,177677,7.4
tmdb,177677,7.2
tmdb,506972,2.0
imdb,71880,3.3
tmdb,71880,4.3
rottentomatoes,71880,0.3
imdb,13389,6.0
tmdb,13389,5.9
rottentomatoes,13389,1.8
imdb,635389,6.6
tmdb,635389,7.4
imdb,274870,7.0
tmdb,274870,6.9
rottentomatoes,274870,3.1
imdb,506664,5.6
tmdb,506664,6.0
imdb,20526,6.8
tmdb,20526,6.4
imdb,284052,7.5
tmdb,284052,7.4
rottentomatoes,284052,8.9
imdb,50544,6.5
tmdb,50544,6.7
imdb,338,7.7
tmdb,338,7.6
imdb,71679,5.4
tmdb,71679,5.8
rottentomatoes,71679,2.9
imdb,44833,5.8
tmdb,44833,5.8
rottentomatoes,44833,3.4
imdb,956,6.9
tmdb,956,6.7
rottentomatoes,956,7.1
imdb,13,8.8
tmdb,13,8.5
rottentomatoes,13,7.1
imdb,193756,7.5
tmdb,193756,7.4
imdb,1573,7.1
tmdb,1573,6.9
rottentomatoes,1573,6.9
imdb,2616,7.0
tmdb,2616,6.8
rottentomatoes,2616,6.1
imdb,1624,6.9
tmdb,1624,6.6
imdb,745,8.1
tmdb,745,7.9
rottentomatoes,745,8.6
imdb,14405,3.8
tmdb,14405,5.3
rottentomatoes,14405,4.0
imdb,58595,6.1
tmdb,58595,6.0
rottentomatoes,58595,4.9
imdb,9387,6.9
tmdb,9387,6.8
rottentomatoes,9387,6.4
imdb,14869,5.8
tmdb,14869,5.7
rottentomatoes,14869,3.4
imdb,458423,6.6
tmdb,458423,7.2
rottentomatoes,458423,7.9
imdb,9714,4.5
tmdb,9714,5.3
rottentomatoes,9714,2.9
imdb,2123,6.6
tmdb,2123,6.6
rottentomatoes,2123,4.7
imdb,370172,7.5
tmdb,370172,7.6
imdb,334541,7.8
tmdb,334541,7.5
rottentomatoes,334541,9.6
imdb,41630,6.2
tmdb,41630,6.3
rottentomatoes,41630,4.9
imdb,8966,5.2
tmdb,8966,6.3
rottentomatoes,8966,4.9
imdb,49444,7.2
tmdb,49444,6.9
rottentomatoes,49444,8.1
imdb,391713,7.4
tmdb,391713,7.3
rottentomatoes,391713,9.9
imdb,9408,6.7
tmdb,9408,6.3
rottentomatoes,9408,7.9
imdb,950,6.8
tmdb,950,6.7
imdb,348350,6.9
tmdb,348350,6.6
rottentomatoes,348350,7.0
imdb,657,7.4
tmdb,657,7.1
imdb,141052,6.1
tmdb,141052,6.2
rottentomatoes,141052,4.0
imdb,106646,8.2
tmdb,106646,8.0
rottentomatoes,106646,8.0
imdb,150,6.9
tmdb,150,6.7
imdb,177572,7.8
tmdb,177572,7.8
rottentomatoes,177572,8.9
imdb,1452,6.0
tmdb,1452,5.7
rottentomatoes,1452,7.5
imdb,791373,8.1
tmdb,791373,8.4
imdb,8367,6.9
tmdb,8367,6.8
rottentomatoes,8367,5.1
imdb,22,8.0
tmdb,22,7.8
rottentomatoes,22,7.9
imdb,85,8.4
tmdb,85,7.9
rottentomatoes,85,9.5
imdb,131634,6.6
tmdb,131634,6.9
rottentomatoes,131634,6.9
imdb,47933,5.2
tmdb,47933,5.2
rottentomatoes,47933,3.0
imdb,338952,6.5
tmdb,338952,6.9
rottentomatoes,338952,3.6
imdb,373571,6.0
tmdb,373571,6.7
rottentomatoes,373571,4.3
imdb,1894,6.5
tmdb,1894,6.5
imdb,13475,7.9
tmdb,13475,7.4
rottentomatoes,13475,9.4
imdb,9836,6.4
tmdb,9836,6.1
rottentomatoes,9836,7.6
imdb,76338,6.8
tmdb,76338,6.6
rottentomatoes,76338,6.6
imdb,260514,6.7
tmdb,260514,6.9
rottentomatoes,260514,7.0
imdb,335797,7.1
tmdb,335797,7.1
rottentomatoes,335797,7.2
imdb,1571,7.1
tmdb,1571,6.6
rottentomatoes,1571,8.2
imdb,779029,4.9
tmdb,779029,9.0
imdb,425,7.5
tmdb,425,7.3
rottentomatoes,425,7.7
imdb,9502,7.6
tmdb,9502,7.2
rottentomatoes,9502,8.7
imdb,9806,8.0
tmdb,9806,7.7
rottentomatoes,9806,9.7
imdb,286217,8.0
tmdb,286217,7.7
rottentomatoes,286217,9.1
imdb,8960,6.4
tmdb,8960,6.3
rottentomatoes,8960,4.1
imdb,51497,7.3
tmdb,51497,7.3
rottentomatoes,51497,7.7
imdb,41154,6.8
tmdb,41154,6.5
imdb,10138,7.0
tmdb,10138,6.8
rottentomatoes,10138,7.2
imdb,2062,8.0
tmdb,2062,7.8
rottentomatoes,2062,9.6
imdb,363088,7.0
tmdb,363088,7.0
rottentomatoes,363088,8.7
imdb,82702,7.8
tmdb,82702,7.7
rottentomatoes,82702,9.1
imdb,263115,8.1
tmdb,263115,7.8
rottentomatoes,263115,9.3
imdb,330,6.6
tmdb,330,6.5
imdb,615,7.2
tmdb,615,7.4
rottentomatoes,615,4.9
imdb,11631,6.4
tmdb,11631,7.0
rottentomatoes,11631,5.5
imdb,87827,7.9
tmdb,87827,7.4
rottentomatoes,87827,8.7
imdb,335988,5.2
tmdb,335988,6.1
rottentomatoes,335988,1.5
imdb,10527,6.6
tmdb,10527,6.4
rottentomatoes,10527,6.4
