nome_genero,id_filme_TMDB
Ação,19995
Aventura,19995
Fantasia,19995
Ficção científica,19995
Aventura,299534
Ficção científica,299534
Ação,299534
Drama,597
Romance,597
Ação,140607
Aventura,140607
Ficção científica,140607
Fantasia,140607
Aventura,299536
Ação,299536
Ficção científica,299536
Ação,135397
Aventura,135397
Ficção científica,135397
Thriller,135397
Aventura,420818
Família,420818
Animação,420818
Ficção científica,24428
Ação,24428
Aventura,24428
Ação,168259
Thriller,168259
Crime,168259
Aventura,168259
Família,330457
Animação,330457
Aventura,330457
Comédia,330457
Fantasia,330457
Ação,99861
Aventura,99861
Ficção científica,99861
Ação,284054
Aventura,284054
Ficção científica,284054
Fantasia,12445
Aventura,12445
Ficção científica,181808
Ação,181808
Aventura,181808
Ação,351286
Aventura,351286
Ficção científica,351286
Animação,109445
Aventura,109445
Família,109445
Família,321612
Fantasia,321612
Romance,321612
Ação,260513
Aventura,260513
Animação,260513
Família,260513
Ação,337339
Crime,337339
Thriller,337339
Ação,68721
Aventura,68721
Ficção científica,68721
Aventura,561499
Ação,561499
Thriller,561499
Família,211672
Animação,211672
Aventura,211672
Comédia,211672
Aventura,271110
Ação,271110
Ficção científica,271110
Ação,297802
Aventura,297802
Fantasia,297802
Ação,429617
Aventura,429617
Ficção científica,429617
Ação,299537
Aventura,299537
Ficção científica,299537
Ação,38356
Ficção científica,38356
Aventura,38356
Aventura,122
Fantasia,122
Ação,122
Ação,37724
Aventura,37724
Thriller,37724
Ficção científica,91314
Ação,91314
Aventura,91314
Ação,49026
Crime,49026
Drama,49026
Thriller,49026
Crime,475557
Thriller,475557
Drama,475557
Ação,181812
Aventura,181812
Ficção científica,181812
Família,301528
Aventura,301528
Animação,301528
Comédia,301528
Fantasia,301528
Drama,301528
Animação,10193
Família,10193
Comédia,10193
Aventura,58
Fantasia,58
Ação,58
Ação,330459
Aventura,330459
Ficção científica,330459
Aventura,420817
Fantasia,420817
Romance,420817
Família,420817
Aventura,1865
Ação,1865
Fantasia,1865
Ação,324852
Animação,324852
Comédia,324852
Família,324852
Aventura,324852
Aventura,127380
Animação,127380
Comédia,127380
Família,127380
Família,12155
Fantasia,12155
Aventura,12155
Animação,269149
Aventura,269149
Família,269149
Comédia,269149
Aventura,49051
Fantasia,49051
Ação,49051
Drama,155
Ação,155
Crime,155
Thriller,155
Aventura,671
Fantasia,671
Animação,93456
Comédia,93456
Família,93456
Família,278927
Aventura,278927
Drama,278927
Fantasia,278927
Aventura,353486
Ação,353486
Comédia,353486
Fantasia,353486
Aventura,285
Fantasia,285
Ação,285
Fantasia,57158
Aventura,57158
Ação,57158
Ação,122917
Aventura,122917
Fantasia,122917
Aventura,12444
Fantasia,12444
Animação,12
Família,12
Aventura,675
Fantasia,675
Mistério,675
Aventura,767
Fantasia,767
Animação,809
Família,809
Comédia,809
Fantasia,809
Aventura,809
Aventura,121
Fantasia,121
Ação,121
Aventura,1893
Ação,1893
Ficção científica,1893
Aventura,329
Ficção científica,329
Aventura,674
Fantasia,674
Família,674
Música,424694
Drama,424694
História,424694
Fantasia,559
Ação,559
Aventura,559
Animação,8355
Comédia,8355
Família,8355
Aventura,8355
Ação,206647
Aventura,206647
Thriller,206647
Ação,315635
Aventura,315635
Ficção científica,315635
Drama,315635
Animação,57800
Comédia,57800
Aventura,57800
Família,57800
Aventura,672
Fantasia,672
Aventura,328111
Comédia,328111
Animação,328111
Família,328111
Ação,209112
Aventura,209112
Fantasia,209112
Aventura,120
Fantasia,120
Ação,120
Guerra,452557
Ação,452557
Drama,452557
Aventura,283995
Ação,283995
Ficção científica,283995
Animação,150540
Família,150540
Aventura,150540
Drama,150540
Comédia,150540
Ficção científica,335983
Ação,335983
Ação,284053
Aventura,284053
Comédia,284053
Fantasia,284053
Ficção científica,284053
Ficção científica,1895
Aventura,1895
Ação,1895
Aventura,101299
Ação,101299
Ficção científica,101299
Ficção científica,8373
Ação,8373
Aventura,8373
Aventura,50620
Fantasia,50620
Drama,50620
Romance,50620
Ação,27205
Ficção científica,27205
Aventura,27205
Drama,758891
Comédia,758891
Fantasia,758891
Ação,297762
Aventura,297762
Fantasia,297762
Fantasia,557
Ação,557
Ação,602
Aventura,602
Ficção científica,602
Fantasia,810
Aventura,810
Animação,810
Comédia,810
Família,810
Aventura,259316
Fantasia,259316
Família,354912
Animação,354912
Fantasia,354912
Música,354912
Comédia,354912
Aventura,354912
Aventura,512200
Comédia,512200
Fantasia,512200
Aventura,166426
Ação,166426
Fantasia,166426
Ficção científica,601
Aventura,601
Família,601
Fantasia,601
Ação,14161
Aventura,14161
Ficção científica,14161
Ação,353081
Aventura,353081
Aventura,673
Fantasia,673
Ação,82992
Thriller,82992
Crime,82992
Aventura,217
Ação,217
Ação,383498
Comédia,383498
Aventura,383498
Ação,558
Aventura,558
Fantasia,558
Ação,293660
Aventura,293660
Comédia,293660
Aventura,11
Ação,11
Ficção científica,11
Ação,118340
Ficção científica,118340
Aventura,118340
Thriller,591
Mistério,591
Família,8587
Animação,8587
Drama,8587
Ação,384018
Aventura,384018
Comédia,384018
Fantasia,102651
Aventura,102651
Ação,102651
Família,102651
Romance,102651
Ação,1930
Aventura,1930
Fantasia,1930
Ação,49521
Aventura,49521
Fantasia,49521
Ficção científica,49521
Comédia,10192
Aventura,10192
Fantasia,10192
Animação,10192
Família,10192
Ficção científica,131631
Aventura,131631
Thriller,131631
Ação,127585
Aventura,127585
Fantasia,127585
Ficção científica,127585
Animação,80321
Família,80321
Comédia,80321
Aventura,80321
Ação,297761
Aventura,297761
Fantasia,297761
Aventura,411
Família,411
Fantasia,411
Animação,62211
Família,62211
Aventura,604
Ação,604
Thriller,604
Ficção científica,604
Animação,14160
Comédia,14160
Família,14160
Aventura,14160
Ficção científica,49047
Thriller,49047
Drama,49047
Ação,385128
Crime,385128
Thriller,385128
Ação,100402
Aventura,100402
Ficção científica,100402
Aventura,50619
Fantasia,50619
Romance,50619
Ficção científica,119450
Ação,119450
Drama,119450
Thriller,119450
Aventura,18239
Fantasia,18239
Drama,18239
Romance,18239
Aventura,1858
Ficção científica,1858
Ação,1858
Ação,102382
Aventura,102382
Fantasia,102382
Terror,346364
Fantasia,346364
Aventura,157336
Drama,157336
Ficção científica,157336
Aventura,24021
Fantasia,24021
Drama,24021
Romance,24021
Ação,56292
Thriller,56292
Aventura,56292
Ficção científica,70160
Aventura,70160
Fantasia,70160
Aventura,277834
Comédia,277834
Família,277834
Animação,277834
Ação,602666
Comédia,602666
Mistério,602666
Animação,615453
Fantasia,615453
Aventura,615453
Ação,177677
Aventura,177677
Ação,284052
Aventura,284052
Fantasia,284052
Ficção científica,284052
Comédia,13
Drama,13
Romance,13
Mistério,745
Thriller,745
Drama,745
Aventura,370172
Ação,370172
Thriller,370172
Animação,49444
Família,49444
Animação,950
Família,950
Comédia,950
Aventura,950
Ação,141052
Aventura,141052
Fantasia,141052
Ficção científica,141052
Aventura,177572
Família,177572
Animação,177572
Ação,177572
Comédia,177572
Ação,791373
Aventura,791373
Fantasia,791373
Ficção científica,791373
Aventura,22
Fantasia,22
Ação,22
Ação,131634
Aventura,131634
Ficção científica,131634
Aventura,338952
Fantasia,338952
Drama,338952
Aventura,1894
Ação,1894
Ficção científica,1894
Ação,76338
Aventura,76338
Fantasia,76338
Família,335797
Animação,335797
Música,335797
Comédia,335797
Drama,335797
Drama,779029
Guerra,779029
Ação,9502
Aventura,9502
Animação,9502
Família,9502
Comédia,9502
Ação,9806
Aventura,9806
Animação,9806
Família,9806
Drama,286217
Aventura,286217
Ficção científica,286217
Fantasia,8960
Ação,8960
Ação,51497
Thriller,51497
Crime,51497
Ação,41154
Comédia,41154
Ficção científica,41154
Aventura,10138
Ação,10138
Ficção científica,10138
Animação,2062
Comédia,2062
Família,2062
Fantasia,2062
Ação,363088
Aventura,363088
Ficção científica,363088
Fantasia,82702
Ação,82702
Aventura,82702
Animação,82702
Comédia,82702
Família,82702
Ação,263115
Drama,263115
Ficção científica,263115
Aventura,330
Ação,330
Ficção científica,330
Drama,615
Comédia,11631
Romance,11631
Aventura,87827
Drama,87827
Ação,87827
Ação,335988
Aventura,335988
Ficção científica,335988
Fantasia,335988
Família,10527
Aventura,10527
Animação,10527
Comédia,10527
Aventura,74
Thriller,74
Ficção científica,74
Aventura,36557
Ação,36557
Thriller,36557
Animação,38757
Família,38757
Aventura,10764
Ação,10764
Thriller,10764
Crime,10764
Ação,607
Aventura,607
Comédia,607
Ficção científica,607
Animação,49519
Aventura,49519
Família,49519
Fantasia,49519
Comédia,49519
Ação,49519
Comédia,45243
Drama,6479
Ficção científica,6479
Thriller,6479
Ação,1726
Ficção científica,1726
Aventura,1726
Ficção científica,333339
Aventura,333339
Ação,333339
Ação,460555
Thriller,460555
Guerra,460555
Drama,460555
Ação,1593
Aventura,1593
Comédia,1593
Família,1593
Fantasia,1593
Aventura,1892
Ação,1892
Ficção científica,1892
Animação,12092
Família,12092
Fantasia,12092
Aventura,12092
Drama,216015
Romance,216015
Thriller,216015
Ação,293167
Aventura,293167
Fantasia,293167
Animação,41513
Família,41513
Aventura,41513
Comédia,41513
Fantasia,41513
Animação,585
Comédia,585
Família,585
Aventura,254
Drama,254
Ação,254
Animação,49013
Família,49013
Aventura,49013
Comédia,49013
Ação,417859
Aventura,417859
Animação,417859
Família,417859
Fantasia,417859
Comédia,417859
Faroeste,417859
Comédia,381890
Fantasia,381890
Romance,381890
Ação,95
Thriller,95
Ficção científica,95
Aventura,95
Comédia,72105
Fantasia,72105
Aventura,955
Ação,955
Thriller,955
Ação,435
Aventura,435
Ficção científica,435
Thriller,435
Ação,246655
Aventura,246655
Ficção científica,246655
Fantasia,246655
Romance,150689
Fantasia,150689
Família,150689
Drama,150689
Guerra,190859
Ação,190859
Família,953
Animação,953
Aventura,953
Comédia,953
Animação,62177
Aventura,62177
Comédia,62177
Família,62177
Ação,62177
Fantasia,62177
Aventura,1891
Ação,1891
Ficção científica,1891
Família,20352
Animação,20352
Comédia,20352
Faroeste,281957
Drama,281957
Aventura,281957
Ação,72190
Drama,72190
Terror,72190
Ficção científica,72190
Thriller,72190
Ação,345940
Ficção científica,345940
Terror,345940
Família,404368
Animação,404368
Comédia,404368
Aventura,404368
Ação,124905
Drama,124905
Ficção científica,124905
Família,400155
Fantasia,400155
Comédia,400155
Animação,400155
Animação,35
Comédia,35
Família,35
Guerra,374720
Ação,374720
Drama,374720
Ação,10528
Aventura,10528
Crime,10528
Mistério,10528
Animação,10681
Família,10681
Ficção científica,10681
Ação,140300
Aventura,140300
Animação,140300
Comédia,140300
Família,140300
Ação,280
Thriller,280
Ficção científica,280
Ficção científica,102899
Ação,102899
Aventura,102899
Animação,166428
Família,166428
Aventura,166428
Comédia,693
Romance,693
Animação,360920
Família,360920
Comédia,360920
Fantasia,360920
Fantasia,251
Drama,251
Thriller,251
Mistério,251
Romance,251
Animação,812
Família,812
Aventura,812
Fantasia,812
Romance,812
Animação,635302
Ação,635302
Aventura,635302
Fantasia,635302
Família,172385
Aventura,172385
Comédia,172385
Animação,172385
Animação,295693
Comédia,295693
Família,295693
Aventura,652
História,652
Guerra,652
Animação,863
Comédia,863
Família,863
Fantasia,10191
Aventura,10191
Animação,10191
Família,10191
Ação,664
Aventura,664
Drama,664
Aventura,18823
Fantasia,18823
Ação,18823
Fantasia,68728
Aventura,68728
Família,68728
Família,420809
Fantasia,420809
Aventura,420809
Drama,281338
Ficção científica,281338
Guerra,281338
Animação,808
Comédia,808
Fantasia,808
Aventura,808
Família,808
Thriller,13448
Mistério,13448
Animação,46195
Aventura,46195
Comédia,46195
Família,46195
Fantasia,310
Comédia,310
Thriller,61791
Ação,61791
Drama,61791
Ficção científica,61791
Drama,857
História,857
Guerra,857
Ação,787
Comédia,787
Drama,787
Thriller,787
Ficção científica,98566
Ação,98566
Aventura,98566
Comédia,98566
Comédia,771
Família,771
Aventura,118
Comédia,118
Família,118
Fantasia,118
Aventura,89
Ação,89
Ação,254128
Drama,254128
Thriller,254128
Família,159824
Animação,159824
Comédia,159824
Fantasia,159824
Terror,474350
Fantasia,474350
Família,82690
Animação,82690
Comédia,82690
Aventura,82690
Terror,578
Thriller,578
Aventura,578
Comédia,18785
Aventura,137106
Animação,137106
Comédia,137106
Família,137106
Fantasia,137106
Ação,424783
Aventura,424783
Ficção científica,424783
Ação,399566
Aventura,399566
Fantasia,399566
Ação,54138
Aventura,54138
Ficção científica,54138
Ação,98
Drama,98
Aventura,98
Ação,603
Ficção científica,603
Romance,114
Comédia,114
Animação,920
Aventura,920
Comédia,920
Família,920
Guerra,508935
História,508935
Drama,508935
Ação,508935
Aventura,36668
Ação,36668
Ficção científica,36668
Thriller,36668
Ação,6637
Aventura,6637
Mistério,6637
Thriller,6637
Ação,240832
Ficção científica,240832
Aventura,954
Ação,954
Thriller,954
Drama,616
Ação,616
Guerra,616
História,616
Thriller,161
Crime,161
Aventura,10195
Fantasia,10195
Ação,10195
Guerra,676
História,676
Romance,676
Drama,676
Comédia,313369
Drama,313369
Romance,313369
Música,313369
Família,37135
Aventura,37135
Animação,37135
Drama,37135
Ação,608
Aventura,608
Comédia,608
Ficção científica,608
Ação,449927
Crime,449927
História,449927
Aventura,1734
Ação,1734
Fantasia,1734
Comédia,23398
Família,23398
Animação,23398
Fantasia,23398
Música,23398
Ação,2503
Drama,2503
Mistério,2503
Thriller,2503
História,82695
Drama,82695
Terror,9552
Comédia,788
Drama,788
Família,788
Ficção científica,87101
Ação,87101
Thriller,87101
Aventura,87101
Ação,296
Thriller,296
Ficção científica,296
Drama,332562
Romance,332562
Música,332562
Ação,68735
Aventura,68735
Fantasia,68735
Ação,447404
Aventura,447404
Fantasia,447404
Drama,316029
Aventura,36669
Ação,36669
Thriller,36669
Aventura,8358
Drama,8358
Ação,143830
Animação,143830
Ficção científica,143830
Ação,566525
Aventura,566525
Fantasia,566525
Música,715904
Drama,77338
Comédia,77338
Thriller,38700
Ação,38700
Crime,38700
Ação,427641
Drama,68718
Faroeste,68718
Aventura,605
Ação,605
Thriller,605
Ficção científica,605
Romance,10020
Família,10020
Animação,10020
Fantasia,10020
Aventura,581
Drama,581
Faroeste,581
Ficção científica,580489
Ação,580489
Aventura,580489
Ação,1271
Aventura,1271
Guerra,1271
Aventura,2454
Família,2454
Fantasia,2454
Aventura,564
Ação,564
Fantasia,564
Aventura,10140
Família,10140
Fantasia,10140
Ação,324668
Thriller,324668
Ação,76170
Ficção científica,76170
Aventura,76170
Fantasia,76170
Comédia,4564
Drama,4564
Romance,4564
Crime,207703
Comédia,207703
Ação,207703
Aventura,207703
Drama,45269
História,45269
Aventura,18360
Fantasia,18360
Ação,18360
Comédia,18360
Família,18360
Fantasia,268
Ação,268
Thriller,619
Ação,619
Drama,619
Música,619
Romance,619
Ação,343668
Aventura,343668
Comédia,343668
Crime,343668
Thriller,343668
Fantasia,282035
Thriller,282035
Ação,282035
Aventura,282035
Terror,282035
Aventura,278154
Animação,278154
Família,278154
Comédia,278154
Ficção científica,278154
Drama,2675
Thriller,2675
Ficção científica,2675
Mistério,2675
Aventura,36658
Ação,36658
Ficção científica,36658
Thriller,36658
Ação,68726
Ficção científica,68726
Aventura,68726
Ação,399579
Ficção científica,399579
Aventura,399579
Aventura,1735
Ação,1735
Fantasia,1735
Ficção científica,70981
Aventura,70981
Mistério,70981
Drama,770
Guerra,770
Romance,770
Aventura,20526
Ação,20526
Ficção científica,20526
Aventura,956
Ação,956
Thriller,956
Aventura,58595
Fantasia,58595
Drama,58595
Comédia,458423
Romance,458423
Fantasia,8966
Drama,8966
Romance,8966
Ficção científica,348350
Aventura,348350
Ação,348350
Crime,348350
Crime,106646
Drama,106646
Comédia,106646
Ficção científica,1452
Ação,1452
Aventura,1452
Ação,8367
Aventura,8367
Drama,8367
Romance,8367
Aventura,85
Ação,85
Ação,47933
Aventura,47933
Ficção científica,47933
Ficção científica,373571
Ação,373571
Ficção científica,13475
Ação,13475
Aventura,13475
Animação,9836
Comédia,9836
Família,9836
Animação,260514
Aventura,260514
Comédia,260514
Família,260514
Ação,1571
Thriller,1571
Animação,425
Comédia,425
Família,425
Aventura,425
Animação,15512
Família,15512
Aventura,15512
Ficção científica,15512
Aventura,105
Comédia,105
Ficção científica,105
Família,105
Ficção científica,929
Ação,929
Thriller,929
Ação,36955
Thriller,36955
Ação,76341
Aventura,76341
Ficção científica,76341
Drama,341174
Romance,341174
Drama,12405
Romance,12405
Ação,497698
Aventura,497698
Ficção científica,497698
Ação,82675
Crime,82675
Thriller,82675
Ação,324857
Aventura,324857
Animação,324857
Ficção científica,324857
Comédia,324857
Guerra,530915
Drama,530915
Ação,530915
Thriller,530915
Comédia,466272
Drama,466272
Thriller,466272
Ação,272
Crime,272
Drama,272
Comédia,3981
Romance,3981
Animação,862
Aventura,862
Família,862
Comédia,862
Família,270946
Animação,270946
Aventura,270946
Comédia,270946
Aventura,2080
Ação,2080
Thriller,2080
Ficção científica,2080
Aventura,2268
Fantasia,2268
Aventura,17578
Animação,17578
Mistério,17578
Ficção científica,72559
Aventura,72559
Ação,72559
Thriller,72559
Ação,534
Ficção científica,534
Thriller,534
Ação,1771
Aventura,1771
Ficção científica,1771
Ação,137113
Ficção científica,137113
Romance,544
Comédia,544
Mistério,210577
Thriller,210577
Drama,210577
Drama,5503
Ação,5503
Thriller,5503
Fantasia,228161
Comédia,228161
Animação,228161
Ficção científica,228161
Família,228161
Aventura,331
Ação,331
Thriller,331
Ficção científica,331
Comédia,8346
Drama,8346
Romance,8346
Drama,337167
Romance,337167
Comédia,8488
Drama,8488
Romance,8488
Animação,10555
Ação,10555
Comédia,10555
Família,10555
Ação,1572
Thriller,1572
Ação,287947
Comédia,287947
Fantasia,287947
Terror,439079
Mistério,439079
Thriller,439079
Romance,509
Comédia,509
Drama,509
Aventura,9487
Animação,9487
Comédia,9487
Família,9487
Aventura,181533
Comédia,181533
Fantasia,181533
Família,181533
Ação,13804
Crime,13804
Drama,13804
Thriller,13804
Ação,577922
Thriller,577922
Ficção científica,577922
Thriller,163
Crime,163
Drama,86834
Aventura,86834
Thriller,869
Ficção científica,869
Ação,869
Aventura,869
Comédia,109439
Aventura,36643
Ação,36643
Thriller,36643
Comédia,6477
Família,6477
Fantasia,6477
Animação,6477
Ação,38575
Aventura,38575
Drama,38575
Família,38575
Comédia,772
Família,772
Aventura,772
Animação,76492
Comédia,76492
Família,76492
Fantasia,76492
Ação,180
Thriller,180
Ficção científica,180
Mistério,180
Romance,372058
Animação,372058
Drama,372058
Ação,744
Drama,744
Aventura,744
Fantasia,258489
Ação,258489
Aventura,258489
Drama,258489
Romance,258489
Drama,14
Aventura,72545
Ação,72545
Ficção científica,72545
Drama,568
História,568
Aventura,568
Drama,380
Família,10567
Animação,10567
Ação,49538
Ficção científica,49538
Aventura,49538
Thriller,402
Mistério,402
Aventura,710
Ação,710
Thriller,710
Drama,640
Crime,640
Mistério,392044
Crime,392044
Drama,392044
Thriller,75656
Crime,75656
Crime,9740
Drama,9740
Thriller,9740
Terror,9740
Romance,854
Comédia,854
Crime,854
Fantasia,854
Animação,381719
Aventura,381719
Família,381719
Drama,64682
Romance,64682
Ação,1637
Aventura,1637
Crime,1637
Animação,153518
Aventura,153518
Comédia,153518
Ação,8656
Drama,8656
Ficção científica,8656
Animação,73723
Família,73723
Fantasia,400650
Família,400650
Comédia,400650
Ação,198663
Mistério,198663
Ficção científica,198663
Thriller,198663
Família,43956
Animação,43956
Aventura,43956
Comédia,43956
Aventura,2059
Ação,2059
Thriller,2059
Mistério,2059
Fantasia,77931
Família,77931
Comédia,77931
Animação,77931
Ação,5175
Comédia,5175
Crime,5175
Ação,2048
Ficção científica,2048
Família,136799
Animação,136799
Fantasia,136799
Aventura,136799
Comédia,136799
Música,136799
Ação,47971
Aventura,47971
Crime,47971
Aventura,10530
Animação,10530
Família,10530
Romance,10530
Família,8871
Comédia,8871
Fantasia,8871
Ação,188927
Aventura,188927
Ficção científica,188927
Família,7518
Comédia,7518
Animação,7518
Comédia,55301
Fantasia,55301
Família,55301
Música,55301
Animação,55301
Ação,8909
Thriller,8909
Crime,8909
Fantasia,888
Comédia,888
Família,888
Terror,447332
Drama,447332
Ficção científica,447332
Comédia,4523
Família,4523
Fantasia,4523
Romance,4523
Ação,53182
Drama,53182
Ação,414
Crime,414
Fantasia,414
Aventura,9543
Fantasia,9543
Ação,9543
Ação,9802
Aventura,9802
Thriller,9802
Thriller,291805
Ação,291805
Comédia,291805
Aventura,58574
Ação,58574
Crime,58574
Mistério,58574
Comédia,479306
Fantasia,479306
Família,36218
Ação,36218
Animação,36218
Aventura,36218
Fantasia,36218
Ficção científica,36218
Drama,4922
Fantasia,4922
Romance,4922
Ação,9738
Aventura,9738
Fantasia,9738
Ficção científica,9738
Aventura,714
Ação,714
Thriller,714
Aventura,87
Ação,87
Aventura,105864
Animação,105864
Família,105864
Aventura,165
Comédia,165
Família,165
Ficção científica,165
Ação,311324
Aventura,311324
Fantasia,311324
Ficção científica,438631
Aventura,438631
Comédia,550988
Ação,550988
Aventura,550988
Ficção científica,550988
Comédia,1597
Romance,1597
Fantasia,856
Animação,856
Comédia,856
Crime,856
Família,856
Drama,44214
Thriller,44214
Terror,44214
Aventura,9671
Comédia,9671
Crime,807
Mistério,807
Thriller,807
Ação,458156
Thriller,458156
Crime,458156
Comédia,350
Drama,350
Romance,350
Thriller,260346
Ação,260346
Ação,2133
Aventura,2133
Drama,2133
Thriller,2133
Drama,10545
Animação,10545
Família,10545
Animação,17979
Família,17979
Drama,17979
Fantasia,17979
Animação,38055
Ação,38055
Comédia,38055
Família,38055
Ficção científica,38055
Aventura,943
Ação,943
Comédia,943
Thriller,943
Crime,943
Comédia,20943
Romance,20943
Aventura,20662
Drama,16869
Ação,16869
Thriller,16869
Guerra,16869
Drama,424
História,424
Guerra,424
Família,11674
Comédia,11674
Terror,259693
Mistério,259693
Thriller,259693
Drama,44947
História,44947
Música,44947
Drama,10998
Thriller,10998
Ação,10196
Aventura,10196
Fantasia,10196
Drama,490132
Comédia,490132
Música,490132
Terror,138843
Thriller,138843
Comédia,18240
Romance,18240
Drama,18240
Ação,90
Comédia,90
Crime,90
Ação,9772
Thriller,9772
Ação,76163
Aventura,76163
Thriller,76163
Animação,9982
Família,9982
Comédia,9982
Comédia,2898
Romance,2898
Drama,453
Romance,453
Ficção científica,294254
Ação,294254
Thriller,294254
Aventura,294254
Ação,173897
Terror,173897
Ficção científica,173897
Aventura,817
Comédia,817
Crime,817
Ficção científica,817
Família,324849
Ação,324849
Animação,324849
Comédia,324849
Fantasia,324849
Família,228165
Aventura,228165
Comédia,228165
Fantasia,228165
Animação,228165
Crime,298
Thriller,298
Comédia,39451
Romance,39451
Animação,5255
Família,5255
Aventura,5255
Fantasia,5255
Comédia,5255
Drama,360814
Ação,360814
Animação,13053
Família,13053
Aventura,13053
Comédia,13053
Ação,3595
Thriller,3595
Comédia,4806
Romance,4806
Comédia,546554
Drama,546554
Crime,546554
Mistério,546554
Drama,22881
Romance,222935
Drama,222935
Drama,1402
Família,81188
Animação,81188
Fantasia,81188
Ação,81188
Aventura,81188
Ficção científica,840
Drama,840
Comédia,1574
Crime,1574
Drama,1574
Ação,454626
Ficção científica,454626
Comédia,454626
Família,454626
Terror,396422
Mistério,396422
Thriller,396422
Drama,406997
Família,406997
Ação,47964
Thriller,47964
Animação,10674
Família,10674
Aventura,10674
Drama,274870
Romance,274870
Ficção científica,274870
Thriller,44833
Ação,44833
Aventura,44833
Ficção científica,44833
Comédia,1624
Aventura,14869
Ação,14869
Thriller,14869
Ficção científica,14869
Fantasia,57165
Aventura,57165
Aventura,1979
Fantasia,1979
Ação,1979
Thriller,1979
Aventura,879
Fantasia,879
Comédia,879
Família,879
Drama,1374
Ação,1369
Aventura,1369
Thriller,1369
Guerra,1369
Terror,7131
Aventura,7131
Ação,7131
Ação,35791
Aventura,35791
Terror,35791
Ficção científica,35791
Ficção científica,1924
Ação,1924
Aventura,1924
Família,10137
Animação,10137
Fantasia,10137
Comédia,10137
Ação,96
Comédia,96
Crime,96
Aventura,241259
Família,241259
Fantasia,241259
Comédia,8874
Romance,8874
Ação,39254
Ficção científica,39254
Drama,39254
Animação,12222
Comédia,12222
Família,12222
Aventura,12222
Fantasia,12222
Crime,402900
Comédia,402900
Ação,402900
Ficção científica,520763
Thriller,520763
Terror,520763
Comédia,9494
Romance,9494
Comédia,818
Crime,818
Ficção científica,818
Drama,283366
Fantasia,283366
Aventura,283366
Família,283366
Aventura,36657
Ação,36657
Ficção científica,36657
Comédia,620
Fantasia,620
Ação,262500
Aventura,262500
Ficção científica,262500
Thriller,262500
Animação,364689
Família,364689
Aventura,364689
Comédia,364689
Drama,11324
Thriller,11324
Mistério,11324
Comédia,3050
Família,3050
Fantasia,3050
Ação,27576
Mistério,27576
Thriller,27576
Família,19585
Fantasia,19585
Ação,19585
Aventura,19585
Comédia,19585
Ação,447200
Thriller,447200
Drama,1422
Thriller,1422
Crime,1422
Drama,2655
Terror,2655
Mistério,2655
Thriller,2655
Comédia,37786
Drama,37786
Romance,37786
Ação,268896
Fantasia,268896
Ficção científica,268896
Aventura,268896
Romance,1934
História,1934
Comédia,1934
Comédia,9602
Romance,9602
Ação,157350
Aventura,157350
Ficção científica,157350
Ação,2502
Drama,2502
Thriller,2502
Comédia,55721
Romance,55721
Ficção científica,336843
Ação,336843
Aventura,336843
Thriller,336843
Fantasia,8839
Comédia,8839
Família,8839
Família,5559
Animação,5559
Aventura,5559
Comédia,5559
Comédia,2770
Romance,2770
Comédia,254470
Música,254470
Fantasia,497
Drama,497
Crime,497
Drama,15121
Família,15121
Música,15121
Romance,15121
Ação,75612
Ficção científica,75612
Aventura,75612
Mistério,75612
Ficção científica,68724
Ação,68724
Drama,68724
Thriller,68724
Ação,944
Aventura,944
Comédia,944
Crime,944
Thriller,944
Comédia,9522
Romance,9522
Ação,49529
Aventura,49529
Ficção científica,49529
Animação,77950
Família,77950
Comédia,634
Romance,634
Drama,634
Ação,364
Fantasia,364
Ação,37710
Thriller,37710
Romance,37710
Terror,381288
Thriller,381288
Ação,299824
Aventura,299824
Fantasia,299824
Comédia,4247
Ação,7451
Aventura,7451
Thriller,7451
Ação,49040
Thriller,49040
Ação,350312
Aventura,350312
Drama,350312
Mistério,9637
Aventura,9637
Comédia,9637
História,72976
Drama,72976
Animação,129
Família,129
Fantasia,129
Aventura,1995
Fantasia,1995
Ação,1995
Thriller,1995
Ação,338970
Aventura,338970
Fantasia,338970
Thriller,27578
Aventura,27578
Ação,27578
Comédia,9390
Drama,9390
Romance,9390
Aventura,8961
Ação,8961
Comédia,8961
Thriller,8961
Crime,8961
Animação,11544
Família,11544
Animação,82703
Aventura,82703
Família,82703
Crime,274
Drama,274
Thriller,274
Terror,274
Comédia,38365
Romance,10198
Família,10198
Animação,10198
Comédia,195589
Drama,37233
Mistério,37233
Thriller,37233
Drama,1371
Comédia,138832
Crime,138832
Drama,13223
Aventura,7840
Ação,7840
Drama,7840
Fantasia,7840
Animação,116711
Aventura,116711
Família,116711
Fantasia,116711
Aventura,147441
Drama,147441
Ação,147441
Animação,3170
Drama,3170
Família,3170
Drama,6964
Comédia,6964
Romance,6964
Romance,4478
Drama,4478
Drama,4982
Crime,4982
Aventura,9804
Ação,9804
Ficção científica,9804
Comédia,37165
Drama,37165
Ação,4327
Aventura,4327
Comédia,4327
Crime,4327
Thriller,4327
Aventura,18
Fantasia,18
Ação,18
Thriller,18
Ficção científica,18
Família,11224
Fantasia,11224
Animação,11224
Romance,11224
Aventura,8844
Fantasia,8844
Família,8844
Comédia,496
Animação,9928
Comédia,9928
Família,9928
Ficção científica,9928
Comédia,9801
Romance,9801
Ação,37834
Comédia,37834
Ação,861
Aventura,861
Ficção científica,861
Música,13576
Documentário,13576
Ação,290859
Aventura,290859
Ficção científica,290859
Ação,57201
Aventura,57201
Faroeste,57201
Thriller,37686
Ficção científica,37686
Mistério,37686
Ficção científica,335984
Drama,335984
Comédia,116149
Aventura,116149
Família,116149
Ação,9471
Aventura,9471
Comédia,9471
Ação,5174
Comédia,5174
Crime,5174
Comédia,9427
Comédia,496243
Thriller,496243
Drama,496243
Terror,250546
Drama,6947
Mistério,6947
Thriller,6947
Drama,462
Mistério,419430
Thriller,419430
Terror,419430
Thriller,458723
Terror,458723
Mistério,458723
Ação,9350
Aventura,9350
Thriller,9350
Comédia,383785
Mistério,383785
Ação,383785
Aventura,383785
Fantasia,9598
Drama,9598
Comédia,9598
Família,9598
Terror,424139
Thriller,424139
Ação,11199
Aventura,11199
Comédia,11199
Romance,11887
Comédia,11887
Drama,11887
Família,11887
Música,11887
Animação,11970
Família,11970
Fantasia,11970
Aventura,11970
Comédia,11970
Romance,11970
Comédia,479455
Ficção científica,479455
Ficção científica,320288
Ação,320288
Aventura,320288
Drama,44264
Aventura,44264
Faroeste,44264
Comédia,1281
Família,1281
Aventura,1281
Drama,168672
Crime,168672
Comédia,9489
Romance,9489
Ação,9798
Drama,9798
Thriller,9798
Aventura,10009
Animação,10009
Família,10009
Ação,9342
Aventura,9342
Animação,2300
Família,2300
Comédia,2300
Ficção científica,2300
Ação,12289
Aventura,12289
Drama,12289
Guerra,12289
Terror,565
Mistério,565
Fantasia,2486
Ação,2486
Aventura,2486
Família,2486
Terror,2667
Mistério,2667
Animação,109451
Família,109451
Comédia,109451
Thriller,9741
Drama,9741
Mistério,9741
Comédia,8467
Comédia,109418
Thriller,450465
Drama,450465
Ficção científica,450465
Aventura,227973
Comédia,227973
Animação,227973
Família,227973
Animação,44896
Comédia,44896
Família,44896
Faroeste,44896
Aventura,44896
Comédia,712
Drama,712
Romance,712
Família,448119
Fantasia,448119
Aventura,448119
Ação,754
Crime,754
Ficção científica,754
Thriller,754
Ação,308531
Aventura,308531
Comédia,308531
Família,308531
Ficção científica,308531
Comédia,62213
Fantasia,62213
Ação,1927
Ficção científica,1927
Comédia,8265
Drama,8265
Romance,8265
Drama,238
Crime,238
Comédia,508
Romance,508
Drama,508
Ação,184315
Aventura,184315
Ação,2109
Comédia,2109
Crime,2109
Aventura,196
Comédia,196
Ficção científica,196
Ficção científica,82700
Ação,82700
Aventura,82700
Ação,257344
Comédia,257344
Ficção científica,257344
Drama,881
Animação,22794
Comédia,22794
Família,22794
Música,65
Drama,65
Comédia,274167
Família,12154
Comédia,12154
Comédia,14306
Família,14306
Ficção científica,97020
Ação,97020
Ação,9268
Drama,9268
Mistério,9268
Thriller,9268
Drama,363676
História,363676
Ação,121856
Aventura,121856
Ficção científica,121856
Comédia,9339
Drama,9339
Fantasia,9339
Animação,635389
Ação,635389
Fantasia,635389
Aventura,635389
Ação,71679
Terror,71679
Ficção científica,71679
Ação,1573
Thriller,1573
Aventura,9396
Comédia,9396
Comédia,455207
Drama,455207
Romance,455207
Ficção científica,415
Ação,415
Fantasia,415
Família,38745
Comédia,38745
Aventura,38745
Fantasia,38745
Ação,9679
Crime,9679
Thriller,9679
Drama,11009
Música,11009
Drama,82693
Comédia,82693
Romance,82693
Ação,584
Crime,584
Thriller,584
Fantasia,4935
Animação,4935
Aventura,4935
Drama,644
Ficção científica,644
Aventura,644
Drama,207
Ação,238713
Comédia,238713
Crime,238713
Comédia,2105
Romance,2105
Comédia,71552
Comédia,9032
Drama,9032
Aventura,258509
Animação,258509
Comédia,258509
Família,258509
História,205596
Drama,205596
Thriller,205596
Guerra,205596
Comédia,337404
Crime,337404
Drama,10200
Ficção científica,10200
Thriller,10200
Thriller,65754
Crime,65754
Mistério,65754
Drama,65754
Terror,126889
Ficção científica,126889
Mistério,126889
Drama,68734
Thriller,68734
Família,1268
Comédia,1268
Drama,409
Romance,409
Guerra,409
Música,2005
Comédia,2005
Comédia,8273
Romance,8273
Comédia,7326
Drama,7326
Romance,7326
Terror,521029
Thriller,521029
Mistério,521029
Fantasia,561
Ação,561
Terror,561
Drama,381284
História,381284
Ação,11665
Comédia,11665
Thriller,11665
Comédia,637
Drama,637
Crime,170882
Ação,43074
Fantasia,43074
Comédia,43074
Thriller,1250
Ação,1250
Fantasia,1250
Ação,942
Aventura,942
Comédia,942
Crime,942
Thriller,942
Ação,40805
Crime,40805
Comédia,40805
Comédia,858
Drama,858
Romance,858
Aventura,346648
Comédia,346648
Família,346648
Ação,339403
Crime,339403
Fantasia,37958
Ação,37958
Drama,37958
Ação,8681
Thriller,8681
Aventura,32657
Fantasia,32657
Família,32657
Fantasia,60304
Terror,60304
Ação,60304
Drama,489
Drama,575813
Aventura,339964
Ficção científica,339964
Ação,339964
Drama,359724
Ação,359724
História,359724
Drama,37799
Animação,7443
Comédia,7443
Família,7443
Drama,457251
História,457251
Ação,1701
Thriller,1701
Crime,1701
Terror,628
Drama,628
Fantasia,628
Thriller,9315
Drama,9315
Mistério,9315
Comédia,10201
Romance,10201
Ação,225574
Thriller,225574
Mistério,225574
Aventura,9354
Comédia,9354
Família,9354
Ficção científica,9354
Documentário,1777
Ação,8247
Aventura,8247
Ficção científica,8247
Ação,8487
Aventura,8487
Comédia,8487
Ficção científica,8487
Faroeste,8487
Ação,274855
Ficção científica,274855
Thriller,274855
Thriller,11092
Crime,11092
Mistério,11092
Comédia,4256
Mistério,207932
Thriller,207932
Drama,207932
Ação,207932
Aventura,44912
Ação,44912
Thriller,44912
Ficção científica,44912
Animação,151960
Família,151960
Aventura,151960
Comédia,151960
Comédia,594
Drama,594
Comédia,9029
Romance,9029
Comédia,22897
Romance,22897
Comédia,4964
Romance,4964
Drama,4964
Ação,109424
Drama,109424
Thriller,109424
Aventura,9837
Animação,9837
Drama,9837
Família,9837
Crime,75780
Drama,75780
Thriller,75780
Ação,75780
Drama,1495
Ação,1495
Aventura,1495
História,1495
Guerra,1495
Drama,1538
Crime,1538
Thriller,1538
Terror,49017
Ação,49017
Drama,49017
Fantasia,49017
Guerra,49017
Ação,302699
Comédia,302699
Mistério,302699
Crime,302699
Animação,378236
Família,378236
Comédia,378236
Drama,70
Drama,50014
Comédia,9493
Drama,331482
Romance,331482
Comédia,32856
Romance,32856
Comédia,52449
Ação,9331
Drama,9331
Thriller,9331
Comédia,214756
Romance,6114
Terror,6114
Família,329996
Fantasia,329996
Aventura,329996
Aventura,11678
Comédia,2978
Fantasia,2978
Drama,2024
História,2024
Guerra,2024
Ação,2024
Fantasia,27022
Aventura,27022
Ação,27022
Comédia,50546
Romance,50546
Drama,480530
Thriller,680
Crime,680
Crime,11322
História,11322
Ação,2501
Drama,2501
Mistério,2501
Thriller,2501
Thriller,8984
Drama,8984
Crime,8984
Drama,88
Música,88
Romance,88
Drama,2567
Aventura,451048
Fantasia,451048
Comédia,451048
Ação,451048
Aventura,146
Drama,146
Ação,146
Romance,146
Ação,197
Drama,197
História,197
Guerra,197
Fantasia,224141
Comédia,224141
Fantasia,10202
Comédia,10202
Família,10202
Romance,10202
Romance,1844
Drama,1844
Mistério,1844
Crime,9273
Comédia,9273
Aventura,9273
Aventura,8619
Drama,8619
Guerra,8619
Comédia,1493
Crime,1493
Ação,1493
Ação,9946
Fantasia,9946
Terror,9946
Mistério,9946
Comédia,95610
Romance,95610
Ficção científica,44943
Ação,44943
Guerra,228150
Drama,228150
Ação,228150
Aventura,6972
Drama,6972
Romance,6972
Comédia,41733
Drama,41733
Animação,10144
Família,10144
Fantasia,10144
Ficção científica,17654
Ação,698
Aventura,698
Thriller,698
Ficção científica,698
Terror,1933
Drama,1933
Mistério,1933
Thriller,1933
Comédia,51540
Crime,51540
Romance,508747
Drama,508747
Crime,9533
Thriller,9533
Mistério,9533
Terror,9533
Aventura,158852
Família,158852
Mistério,158852
Ficção científica,158852
Aventura,11774
Comédia,11774
Família,11774
Ação,59961
Thriller,59961
Comédia,151743
Aventura,151743
Drama,151743
Drama,296096
Romance,296096
Thriller,1900
Drama,1900
Crime,1900
Ação,9799
Crime,9799
Thriller,9799
Terror,72571
Mistério,72571
Drama,9800
Ação,138103
Aventura,138103
Thriller,138103
Drama,2668
Fantasia,2668
Thriller,2668
Mistério,2668
Terror,2668
Família,9325
Animação,9325
Aventura,9325
Ação,267860
Thriller,267860
Romance,9767
Comédia,9767
Drama,820
Thriller,820
História,820
Ação,117251
Drama,117251
Thriller,117251
Aventura,381289
Comédia,381289
Fantasia,381289
Família,381289
Drama,381289
Ação,513692
Crime,513692
Drama,38167
Romance,38167
Comédia,10661
Ação,10661
Aventura,9477
Guerra,9477
História,9477
Ação,9477
Comédia,41515
Família,41515
Animação,41515
Aventura,41515
Drama,253412
Aventura,253412
História,253412
Romance,1903
Ficção científica,1903
Fantasia,1903
Thriller,1903
Drama,329865
Ficção científica,329865
Mistério,329865
Ação,136797
Crime,136797
Drama,136797
Thriller,136797
Família,481084
Animação,481084
Comédia,481084
Animação,12429
Fantasia,12429
Família,12429
Comédia,10312
Drama,10312
Comédia,7552
Ficção científica,1498
Ação,1498
Aventura,1498
Comédia,1498
Família,1498
Comédia,951
Ação,495764
Crime,495764
Drama,277216
Música,277216
Ação,64688
Comédia,64688
Crime,64688
Animação,8920
Comédia,8920
Família,8920
Ação,1669
Aventura,1669
Thriller,1669
Drama,2253
Thriller,2253
História,2253
Guerra,2253
Comédia,513434
Terror,513434
Documentário,240417
Guerra,240417
Aventura,76285
Família,76285
Fantasia,76285
Terror,423108
Mistério,423108
Thriller,423108
Comédia,2642
Romance,2642
Ação,64635
Ficção científica,64635
Aventura,64635
Thriller,64635
Romance,795
Drama,795
Fantasia,795
Comédia,10022
Família,10022
Thriller,80278
Drama,80278
Fantasia,81005
Ação,81005
Aventura,81005
Família,81005
Animação,7484
Família,7484
Aventura,7484
Comédia,7484
Família,137116
Aventura,137116
Animação,137116
Comédia,137116
Crime,4547
Drama,4547
Thriller,4547
Ação,12279
Aventura,12279
Comédia,12279
Família,12279
Ficção científica,12279
Comédia,193610
Romance,193610
Ação,2164
Aventura,2164
Ficção científica,2164
Comédia,1824
Romance,1824
Drama,72570
Romance,72570
Comédia,9506
Aventura,2310
Ação,2310
Animação,2310
Ação,7446
Comédia,7446
Aventura,7446
Guerra,7446
Aventura,699
Ação,699
Thriller,699
Mistério,9944
Drama,9944
Thriller,9944
Crime,9944
Aventura,267935
Família,267935
Fantasia,267935
Drama,399055
Fantasia,399055
Romance,399055
Comédia,257211
Terror,23827
Mistério,23827
Comédia,1581
Romance,1581
Thriller,4614
Ação,4614
Drama,4614
Drama,3131
História,3131
Crime,3131
Ação,381902
Aventura,381902
Fantasia,381902
Aventura,533
Animação,533
Comédia,533
Família,533
Thriller,156022
Ação,156022
Crime,156022
Drama,535544
Romance,535544
História,535544
Família,2907
Comédia,2907
Fantasia,2907
Terror,2907
Ação,708
Aventura,708
Thriller,708
Ação,280217
Aventura,280217
Animação,280217
Comédia,280217
Família,280217
Ficção científica,8536
Ação,8536
Aventura,8536
Comédia,9291
Ação,9383
Ficção científica,9383
Thriller,9383
Comédia,11007
Família,11007
Ação,6950
Drama,6950
Ficção científica,6950
Thriller,6950
Fantasia,11395
Drama,11395
Comédia,11395
Família,11395
Animação,45772
Família,45772
Família,372399
Comédia,372399
Romance,372399
Drama,372399
Mistério,846
Ficção científica,846
Thriller,846
Ação,1370
Aventura,1370
Thriller,1370
Guerra,1370
Crime,187017
Comédia,187017
Ação,187017
Aventura,116745
Comédia,116745
Drama,116745
Fantasia,116745
Terror,579
Thriller,579
Aventura,700
Ação,700
Thriller,700
Ação,949
Crime,949
Drama,949
Thriller,949
Comédia,58224
Família,58224
Comédia,3563
Romance,3563
Drama,76203
História,76203
Fantasia,568160
Animação,568160
Romance,568160
Drama,568160
Drama,547
Romance,547
Drama,69
Música,69
Romance,69
Comédia,387949
Terror,19912
Mistério,19912
Animação,10865
Família,10865
Aventura,10865
Ficção científica,10865
Crime,388
Drama,388
Thriller,388
Comédia,10663
Aventura,44826
Drama,44826
Família,44826
Aventura,691
Ação,691
Thriller,691
Comédia,11000
Ação,13183
Mistério,13183
Ficção científica,13183
Fantasia,408
Animação,408
Família,408
Comédia,353616
Música,353616
Ficção científica,76757
Fantasia,76757
Ação,76757
Aventura,76757
Animação,50359
Comédia,50359
Família,50359
Comédia,376659
Comédia,10481
Família,10481
Terror,1970
Mistério,1970
Thriller,1970
Ação,679
Thriller,679
Ficção científica,679
Ação,14560
Aventura,14560
Comédia,14560
Família,14560
Comédia,8872
Música,8872
Ação,9359
Aventura,9359
Comédia,9359
Drama,9359
Faroeste,9359
Aventura,62764
Comédia,62764
Drama,62764
Família,62764
Fantasia,62764
Aventura,9313
Ação,9313
Drama,9313
Aventura,332210
Animação,332210
Comédia,332210
Família,332210
Thriller,1598
Crime,1598
Thriller,10756
Fantasia,10756
Comédia,10756
Família,10756
Mistério,10756
Romance,2064
Comédia,2064
Drama,688
Romance,688
Romance,621
Comédia,621
Aventura,503
Ação,503
Drama,503
Thriller,503
Mistério,11024
Fantasia,11024
Aventura,11024
Comédia,11024
Ação,9595
Comédia,9595
Guerra,9595
Crime,4147
Drama,4147
Thriller,4147
Ação,24
Crime,24
Comédia,11529
Romance,11529
Comédia,419680
Ação,7551
Thriller,7551
Ficção científica,7551
Drama,446354
História,446354
Drama,9909
Comédia,76493
Fantasia,8698
Ação,8698
Thriller,8698
Ficção científica,8698
Aventura,262504
Ficção científica,262504
Ação,262504
Mistério,262504
Drama,824
Romance,824
Música,824
Fantasia,9480
Ação,9480
Crime,9480
Ficção científica,9480
Thriller,9480
Família,431580
Animação,431580
Aventura,431580
Comédia,431580
Comédia,1406
Faroeste,1406
Comédia,10184
Romance,10184
Drama,10184
Mistério,13027
Thriller,13027
Ação,13027
Comédia,5966
Romance,5966
Comédia,4257
Ação,9619
Aventura,9619
Thriller,9619
Drama,9619
Aventura,11619
Animação,11619
Comédia,11619
Família,11619
Drama,9869
Ação,9869
Thriller,9869
Crime,9869
Drama,142
Romance,142
Comédia,9574
Família,9574
Ficção científica,9574
Comédia,339846
Ação,339846
Crime,339846
Thriller,10398
Guerra,57212
Drama,57212
Ação,57212
Terror,41436
Mistério,41436
Aventura,395
Ficção científica,395
Ação,395
Terror,395
Drama,79
Aventura,79
Ação,79
História,79
Comédia,6957
Romance,6957
Comédia,9919
Romance,9919
Comédia,65057
Drama,65057
Thriller,34544
Ação,34544
Aventura,34544
Comédia,34544
Crime,34544
Comédia,9576
Romance,9576
Ação,9386
Drama,9386
Thriller,9386
Crime,9386
Mistério,9386
Comédia,9535
Crime,9535
Drama,519255
Música,519255
Romance,519255
Thriller,519255
Thriller,390043
Comédia,390043
Crime,390043
Ação,390043
Comédia,262391
Comédia,10808
Família,10808
Romance,10808
Fantasia,10808
Ação,9654
Crime,9654
Drama,7350
Comédia,7350
Drama,324786
História,324786
Guerra,324786
Drama,7442
Crime,7442
Thriller,7442
Ação,49849
Ficção científica,49849
Thriller,49849
Faroeste,49849
Crime,504172
Drama,504172
Thriller,504172
Comédia,120467
Drama,120467
Aventura,10603
Comédia,10603
Família,10603
Romance,10603
Fantasia,2698
Comédia,2698
Família,2698
Comédia,109431
Crime,109431
Crime,9600
Comédia,9600
Ação,49530
Thriller,49530
Ficção científica,49530
Comédia,194
Romance,194
Comédia,109443
Drama,312221
Ficção científica,453405
Ação,453405
Thriller,453405
Comédia,10719
Família,10719
Fantasia,10719
Crime,346685
Drama,346685
Mistério,346685
Thriller,346685
Crime,4232
Terror,4232
Mistério,4232
Aventura,2289
Drama,2289
História,2289
Romance,2289
Ação,415214
Aventura,415214
Crime,415214
Guerra,415214
Ação,855
História,855
Guerra,855
Drama,639557
História,639557
Thriller,639557
Crime,639557
Fantasia,9021
Comédia,9021
Família,9021
Terror,4233
Mistério,4233
Comédia,19899
Romance,19899
Aventura,8916
Animação,8916
Comédia,8916
Família,8916
Drama,1372
Thriller,1372
Ação,1372
Crime,6977
Drama,6977
Thriller,6977
Animação,431693
Ação,431693
Aventura,431693
Comédia,431693
Família,431693
Thriller,324552
Ação,324552
Crime,324552
Drama,7520
Romance,7520
Comédia,7520
Ação,98567
Aventura,98567
Comédia,2022
Romance,2022
Drama,686
Ficção científica,686
Mistério,686
Ação,7191
Thriller,7191
Ficção científica,7191
Comédia,27581
Ação,27581
Crime,27581
Ação,2636
Thriller,2636
Comédia,9384
Crime,9384
Drama,4380
Romance,4380
Comédia,4380
Ação,55384
Comédia,55384
Drama,55384
Crime,55384
Família,10996
Aventura,10996
Animação,10996
Comédia,10996
Comédia,38317
Romance,38317
Família,38317
Comédia,100042
Ficção científica,315837
Ação,315837
Animação,1267
Comédia,1267
Família,1267
Aventura,11688
Animação,11688
Comédia,11688
Família,11688
Fantasia,11688
Ficção científica,63
Thriller,63
Mistério,63
Animação,529203
Família,529203
Aventura,529203
Fantasia,529203
Comédia,529203
Drama,11321
Ação,166424
Aventura,166424
Ficção científica,166424
Ação,44048
Thriller,44048
Comédia,9472
Ação,436969
Aventura,436969
Fantasia,436969
Música,504608
Drama,504608
História,504608
Guerra,1966
História,1966
Ação,1966
Aventura,1966
Drama,1966
Romance,1966
Drama,77930
Comédia,77930
Terror,406563
Mistério,406563
Thriller,406563
Drama,22947
Romance,22947
Ação,524434
Aventura,524434
Ficção científica,524434
Fantasia,524434
Crime,819
Drama,819
Thriller,819
Thriller,296098
Drama,296098
Comédia,9880
Família,9880
Romance,9880
Ação,9334
Aventura,9334
Fantasia,9334
Família,64328
Comédia,64328
Música,64328
Ação,464052
Aventura,464052
Fantasia,464052
Música,90724
Ação,290595
Aventura,290595
Drama,290595
Aventura,6068
Ação,6068
Comédia,6068
Romance,6068
Ação,8914
Terror,8914
Ficção científica,8914
Ação,1639
Aventura,1639
Thriller,1639
Comédia,10708
Família,10708
Família,8204
Aventura,8204
Fantasia,8204
Drama,8204
Ação,665
Drama,665
História,665
Terror,214
Thriller,214
Crime,214
Ação,82
Crime,82
Thriller,82
Comédia,12193
Romance,12193
Drama,12193
Comédia,4944
Drama,4944
Ficção científica,1724
Ação,1724
Aventura,1724
Aventura,12599
Fantasia,12599
Animação,12599
Ficção científica,12599
Família,12599
Animação,10228
Família,10228
Aventura,10228
Fantasia,10228
Ação,10228
Drama,227306
Guerra,227306
Thriller,8645
Ficção científica,8645
Documentário,18221
Drama,1852
História,1852
Thriller,1852
Comédia,9718
Ação,1635
Thriller,1635
Ficção científica,1635
Aventura,1635
Crime,179
Thriller,179
Drama,513335
Comédia,513335
Fantasia,513335
Aventura,333484
Ação,333484
Faroeste,333484
Drama,1904
Romance,1904
História,1904
Ação,343611
Drama,345
Thriller,345
Mistério,345
Ficção científica,8078
Terror,8078
Ação,8078
Thriller,51876
Mistério,51876
Ficção científica,51876
Terror,4234
Mistério,4234
Aventura,253
Ação,253
Thriller,253
Drama,87502
Crime,2112
Ação,2112
Drama,2112
Drama,10320
Terror,10320
Thriller,10320
Ação,117263
Thriller,117263
Drama,201703
Crime,201703
Drama,2604
Guerra,2604
Terror,91586
Thriller,91586
Comédia,10330
Família,10330
Romance,10330
Fantasia,10330
Aventura,4476
Drama,4476
Romance,4476
Guerra,4476
Faroeste,4476
Ação,216282
Thriller,216282
Aventura,9486
Ação,9486
Comédia,9486
Ficção científica,346910
Ação,346910
Aventura,346910
Comédia,346910
Ação,11253
Aventura,11253
Mistério,11253
Fantasia,11253
Comédia,6557
Romance,6557
Crime,359940
Drama,359940
Comédia,249
Drama,249
Fantasia,52520
Ação,52520
Terror,52520
Ação,1996
Aventura,1996
Fantasia,1996
Thriller,1996
Crime,58233
Aventura,58233
Ação,58233
Comédia,58233
Thriller,58233
Drama,61202
Comédia,61202
Romance,61202
Aventura,36670
Ação,36670
Thriller,36670
Ficção científica,8077
Ação,8077
Terror,8077
Drama,9441
Romance,9441
Comédia,9441
Comédia,9277
Crime,9277
Drama,9277
Aventura,128
Fantasia,128
Animação,128
Ação,4824
Thriller,4824
Aventura,4824
Crime,4824
Comédia,9757
Drama,41233
Romance,41233
Ação,11228
Aventura,11228
Thriller,11228
Faroeste,33
Terror,300669
Thriller,300669
Comédia,12096
Família,12096
Mistério,12096
Crime,12096
Aventura,12096
Ação,12096
Thriller,187
Ação,187
Crime,187
Ação,136795
Comédia,136795
Crime,136795
Ação,9615
Crime,9615
Drama,9615
Thriller,9615
Ação,463272
Aventura,463272
Comédia,463272
Aventura,257445
Terror,257445
Comédia,257445
Aventura,2119
Ação,2119
Romance,2119
Drama,2119
Terror,55779
Mistério,55779
Drama,540901
Comédia,540901
Crime,540901
Guerra,8963
Thriller,8963
Ação,8963
Drama,8963
Ação,20504
Thriller,20504
Ficção científica,20504
Ação,59962
Comédia,59962
Romance,59962
Ação,365222
Drama,365222
História,365222
Drama,6023
Romance,6023
Thriller,322
Crime,322
Drama,322
Mistério,322
Ação,8845
Thriller,8845
Aventura,709
Ação,709
Thriller,709
Crime,273248
Drama,273248
Mistério,273248
Faroeste,273248
Drama,1246
Ação,1246
Terror,522681
Thriller,522681
Mistério,522681
Comédia,18126
Drama,18126
Família,18126
Música,18126
Romance,18126
Ação,13811
Mistério,13811
Ficção científica,13811
Thriller,13811
Crime,302946
Thriller,302946
Drama,302946
Aventura,412117
Animação,412117
Comédia,412117
Família,412117
Fantasia,36586
Terror,36586
Ação,36586
Thriller,36586
Guerra,152760
Drama,152760
História,152760
Ação,152760
Drama,1125
Música,1125
Comédia,7303
Drama,7303
Romance,7303
Comédia,864
História,864
Romance,4379
Comédia,4379
Thriller,9833
Drama,9833
Romance,9833
Crime,23168
Drama,23168
Thriller,23168
Ação,168530
Comédia,168530
Romance,256591
Comédia,256591
Crime,256591
Drama,256591
Família,1634
Aventura,1634
Drama,1634
Thriller,11595
Ação,11595
Comédia,11595
Crime,11595
Drama,11595
Fantasia,927
Terror,927
Comédia,927
Família,522478
Comédia,522478
Aventura,522478
Animação,522478
Fantasia,522478
Drama,1813
Mistério,1813
Thriller,1813
Terror,1813
Ação,59108
Comédia,59108
Terror,215
Comédia,392
Drama,392
Romance,392
Aventura,707
Ação,707
Thriller,707
Crime,2924
Drama,2924
Thriller,2924
Crime,1645
Drama,1645
Thriller,1645
Comédia,35056
Ação,35056
Aventura,35056
Ação,393
Crime,393
Thriller,393
Drama,9294
Fantasia,9294
Romance,9294
Ficção científica,9294
Ação,10329
Aventura,10329
Ficção científica,10329
Drama,13885
Terror,13885
Fantasia,2280
Drama,2280
Comédia,2280
Romance,2280
Família,2280
Comédia,208134
Mistério,401981
Thriller,401981
Drama,9481
Mistério,9481
Thriller,9481
Crime,9481
Animação,218836
Comédia,218836
Aventura,218836
Família,218836
Drama,7461
Ação,7461
Thriller,7461
Crime,7461
Fantasia,59436
Comédia,59436
Romance,59436
Drama,64686
Ação,64686
Aventura,64686
Fantasia,64686
Drama,399404
História,399404
Música,8328
Drama,8328
Romance,8328
Ação,205584
Aventura,205584
Fantasia,205584
Animação,65759
Comédia,65759
Família,65759
Ação,9208
Thriller,18487
Crime,18487
Ação,18487
Drama,611698
Ação,611698
Fantasia,611698
Fantasia,351694
Animação,351694
Comédia,351694
Ação,348892
Comédia,348892
Drama,348892
Música,44825
Documentário,44825
Ficção científica,199
Ação,199
Aventura,199
Thriller,199
Drama,28
Guerra,28
Ação,46529
Thriller,46529
Ficção científica,46529
Aventura,46529
Thriller,2275
Comédia,71880
Romance,50544
Comédia,50544
Guerra,193756
Ação,193756
Drama,193756
História,193756
Comédia,14405
Família,14405
Aventura,14405
Romance,14405
Comédia,2123
Comédia,41630
Romance,41630
Animação,9408
Comédia,9408
Família,9408
Comédia,9374
Fantasia,9374
Terror,9374
Terror,345911
Thriller,345911
Mistério,345911
Animação,379686
Comédia,379686
Família,379686
Ficção científica,379686
Ação,274857
Drama,274857
Fantasia,274857
Terror,7737
Ação,7737
Ficção científica,7737
Drama,4464
História,4464
Ação,146216
Comédia,146216
Crime,146216
Thriller,146216
Ação,10054
Comédia,10054
Família,10054
Aventura,10054
Comédia,13680
Família,13680
Ação,6073
Comédia,6073
Crime,6073
Romance,6073
Thriller,45612
Ficção científica,45612
Mistério,45612
Drama,454
Romance,454
Comédia,11806
Família,11806
Ação,9705
Crime,9705
Thriller,9705
Fantasia,274854
Ação,274854
Aventura,274854
Ficção científica,274854
Ação,423204
Thriller,423204
Terror,132232
Drama,873
Comédia,11172
Música,11172
Romance,11172
Drama,403
Fantasia,51739
Animação,51739
Família,51739
Ação,379149
Thriller,379149
Crime,8643
Drama,8643
Terror,8643
Thriller,8643
Ficção científica,76726
Drama,76726
Thriller,76726
Drama,1907
Aventura,1907
Romance,1907
Thriller,1907
Comédia,9986
Família,9986
Fantasia,9986
Aventura,294272
Família,294272
Fantasia,294272
Ação,1535
Crime,1535
Thriller,1535
Fantasia,297
Drama,297
Romance,297
Comédia,50646
Drama,50646
Romance,50646
Terror,82990
Ação,1656
Aventura,1656
Faroeste,1656
Ficção científica,305470
Ação,305470
Aventura,305470
Comédia,62838
Romance,62838
Comédia,8835
Comédia,9513
Família,9513
Aventura,9513
Animação,9513
Thriller,294992
Guerra,294992
Aventura,294992
Família,508439
Animação,508439
Aventura,508439
Comédia,508439
Fantasia,508439
Terror,4970
Thriller,4970
Ação,9737
Comédia,9737
Crime,9737
Thriller,9737
Comédia,4248
Aventura,660
Ação,660
Thriller,660
Comédia,9889
Romance,9889
História,8818
Drama,8818
Música,8818
Comédia,8469
Crime,4477
Thriller,4477
Drama,4477
Comédia,271718
Romance,271718
Ação,562
Thriller,562
Animação,223702
Aventura,223702
Comédia,223702
Fantasia,223702
Música,85446
Drama,85446
Romance,85446
Comédia,417870
Drama,334543
Animação,9297
Comédia,9297
Família,9297
Fantasia,9297
Família,11836
Animação,11836
Comédia,11836
Fantasia,11836
Drama,1049
Thriller,1049
Mistério,1049
Romance,1049
Animação,41216
Aventura,41216
Família,41216
Fantasia,41216
Comédia,838
Drama,838
Animação,9444
Família,9444
Terror,3122
Ficção científica,3122
Terror,663
Thriller,663
Crime,663
Ficção científica,152
Aventura,152
Mistério,152
Ação,1727
Aventura,1727
Comédia,1727
Romance,1727
Drama,792
Guerra,792
Ação,792
Romance,11472
Comédia,11472
Comédia,11565
Crime,11565
Aventura,2383
Drama,2383
Família,2383
Comédia,11467
Romance,11467
Aventura,11259
Drama,11259
Romance,11259
Faroeste,11259
Aventura,1265
Drama,1265
Família,1265
Drama,39538
Thriller,39538
Ficção científica,39538
Drama,441889
Música,441889
Aventura,9593
Fantasia,9593
Ação,9593
Comédia,9593
Família,9593
Ação,442249
Thriller,442249
Terror,442249
Ação,8834
Drama,8834
Mistério,8834
Thriller,8834
Drama,74534
Comédia,74534
Crime,242
Drama,242
Thriller,242
Drama,10637
Comédia,193893
Romance,9062
Drama,9062
Animação,508442
Comédia,508442
Fantasia,508442
Família,508442
Comédia,27573
Ação,27573
Drama,27573
Comédia,16996
Ficção científica,2157
Aventura,2157
Terror,41439
Crime,41439
Ação,56427
Drama,56427
Aventura,56427
Cinema TV,56427
Aventura,9360
Terror,9360
Thriller,9360
Família,14873
Animação,14873
Aventura,14873
Aventura,2270
Fantasia,2270
Romance,2270
Família,2270
Ação,137094
Drama,137094
Thriller,137094
Drama,1164
Crime,9559
Drama,9559
Thriller,9559
Drama,33909
Crime,33909
Comédia,11130
Drama,11130
Família,11130
Romance,11130
Drama,4584
Romance,4584
Comédia,137093
Ação,332
Aventura,332
Comédia,332
Família,332
Ação,4105
Thriller,4105
Crime,4105
Drama,9475
Comédia,196867
Drama,196867
Família,196867
Família,10588
Fantasia,10588
Ação,9255
Comédia,9255
Guerra,9255
Ação,257088
Crime,257088
Thriller,257088
Ação,337170
Crime,337170
Comédia,337170
Drama,74643
Comédia,74643
Romance,74643
Comédia,318846
Drama,318846
Ficção científica,168
Aventura,168
Terror,3021
Fantasia,2395
Aventura,2395
Comédia,2395
Família,2395
Thriller,97630
Drama,97630
História,97630
Ficção científica,419704
Drama,419704
Aventura,407451
Ficção científica,407451
Família,407451
Fantasia,407451
Comédia,10678
Ação,71676
Fantasia,71676
Thriller,71676
Ação,752
Thriller,752
Fantasia,752
Comédia,11287
Drama,11287
Família,11287
Aventura,52451
Ação,52451
Thriller,52451
Crime,1427
Fantasia,1427
Drama,1427
Comédia,587807
Família,587807
Animação,587807
Ação,136400
Comédia,136400
Crime,136400
Drama,9816
Família,9816
Romance,9816
Música,9816
Aventura,978
Drama,978
História,978
Fantasia,463821
Família,463821
Comédia,463821
Terror,463821
Comédia,9722
Fantasia,9722
Romance,9722
Animação,454640
Comédia,454640
Aventura,454640
Família,454640
Terror,36647
Ação,36647
Comédia,1584
Música,1584
Família,1584
Drama,4347
Romance,4347
Fantasia,10395
Drama,10395
Terror,10395
Ação,48138
Mistério,48138
Thriller,48138
Comédia,431530
Drama,83542
Ficção científica,83542
Ação,1885
Família,1885
Drama,1885
Comédia,1819
Romance,1819
Drama,612
Ação,612
História,612
Thriller,612
Ação,9509
Drama,9509
Thriller,9509
Fantasia,440
Ação,440
Ficção científica,440
Thriller,440
Terror,440
Thriller,570670
Ficção científica,570670
Terror,570670
Família,527774
Fantasia,527774
Animação,527774
Ação,527774
Aventura,527774
Comédia,9279
Família,9279
Aventura,9279
Drama,2623
Romance,2623
Romance,24803
Drama,24803
Terror,1577
Ação,1577
Ficção científica,1577
Comédia,9641
Família,9641
Aventura,9641
Comédia,10625
Drama,245
Comédia,245
Romance,245
Ação,36648
Terror,36648
Fantasia,36648
Ação,5551
Aventura,5551
Thriller,5551
Thriller,1213
Crime,1213
Drama,1213
Fantasia,9327
Comédia,9327
Romance,9327
Ficção científica,9327
História,606
Romance,606
Drama,606
Comédia,6877
Fantasia,266647
Aventura,266647
Família,266647
Comédia,12133
Crime,1965
Thriller,1965
Drama,1965
Comédia,232672
Aventura,10326
Fantasia,10326
Drama,10326
Ficção científica,10326
Romance,10326
Ação,1729
Aventura,1729
Fantasia,1729
Ficção científica,38050
Thriller,38050
Romance,38050
Comédia,9038
Romance,9038
Drama,65086
Terror,65086
Thriller,65086
Guerra,3536
Drama,3536
Ação,3536
Thriller,3536
Ação,6520
Aventura,6520
Drama,6520
Romance,6520
Documentário,1667
Família,1667
Ficção científica,34851
Ação,34851
Thriller,34851
Ação,11006
Aventura,11006
Comédia,11006
Drama,22803
Crime,22803
Thriller,22803
Animação,77951
Família,77951
Aventura,77951
Comédia,1552
Drama,1552
Família,1552
Crime,2118
Drama,2118
Mistério,2118
Thriller,2118
Comédia,225886
Ação,109414
Comédia,109414
Drama,397567
Fantasia,397567
Ação,397567
Ação,278924
Crime,278924
Thriller,278924
Comédia,10246
Guerra,522162
História,522162
Ação,522162
Drama,522162
Terror,3597
Thriller,3597
Mistério,3597
Ficção científica,80274
Ação,80274
Aventura,80274
Família,268531
Ação,268531
Animação,268531
Comédia,268531
Ação,1368
Aventura,1368
Thriller,1368
Guerra,1368
Ação,503314
Ficção científica,503314
Animação,503314
Comédia,10327
Crime,9366
Drama,9366
Thriller,9366
Aventura,658
Ação,658
Thriller,658
Ação,323675
Comédia,323675
Drama,1677
Música,1677
Comédia,5994
Drama,5994
Romance,5994
Fantasia,5994
Ação,567646
Comédia,567646
Crime,567646
Animação,14836
Família,14836
Fantasia,14836
Drama,913
Crime,913
Romance,913
Comédia,801
Drama,801
Guerra,801
Ficção científica,2135
Aventura,2135
Ação,2135
Drama,266856
Romance,266856
Drama,1165
História,1165
Fantasia,12107
Comédia,12107
Romance,12107
Ficção científica,12107
Romance,11003
Comédia,11003
Comédia,35019
Fantasia,35019
Família,35019
Fantasia,11283
Comédia,11283
Família,11283
Aventura,587
Fantasia,587
Drama,587
Aventura,309302
Drama,309302
Família,274862
Animação,274862
Ação,274862
Aventura,274862
Comédia,274862
Animação,72197
Aventura,72197
Família,72197
Comédia,72197
Comédia,233308
Drama,233308
Ação,107846
Thriller,107846
Ficção científica,10357
Ação,10357
Drama,10357
Thriller,10357
Terror,338967
Ação,338967
Comédia,338967
Drama,6844
História,6844
Terror,11096
Mistério,11096
Thriller,11096
Terror,440021
Mistério,440021
Comédia,440021
Faroeste,9023
Animação,9023
Aventura,9023
Comédia,9023
Família,9023
Drama,9023
Animação,227783
Comédia,227783
Família,227783
Aventura,227783
Ficção científica,19959
Ação,19959
Thriller,19959
Drama,22954
História,22954
Comédia,6283
Família,6283
Terror,609
Ação,9312
Fantasia,9312
Drama,146233
Thriller,146233
Crime,146233
Terror,480414
Thriller,480414
Aventura,10601
Fantasia,10601
Família,10601
Ação,2320
Aventura,2320
Drama,2320
Thriller,2320
Drama,296524
Ação,296524
Comédia,549053
Romance,549053
Drama,549053
Ação,300168
Drama,300168
Aventura,300168
Comédia,8363
Aventura,563
Ação,563
Thriller,563
Ficção científica,563
Drama,4348
Romance,4348
Ação,15384
Drama,15384
História,15384
Guerra,15384
Animação,675445
Família,675445
Aventura,675445
Comédia,675445
Documentário,195012
Ação,1579
Drama,1579
Thriller,1579
História,1579
Aventura,9036
Drama,9036
Família,9036
Aventura,941
Ação,941
Comédia,941
Thriller,941
Crime,941
Drama,74465
Comédia,74465
Família,74465
Drama,423
Guerra,423
Comédia,297222
Drama,297222
Ficção científica,193
Ação,193
Aventura,193
Thriller,193
Drama,1375
Ação,399035
Thriller,399035
Crime,11775
Comédia,11775
Romance,11775
Comédia,88042
Comédia,9285
Aventura,9285
Comédia,153
Drama,153
Romance,153
Ação,9488
Aventura,9488
Família,9488
Comédia,9488
Comédia,2928
Drama,2928
Fantasia,2928
Aventura,499701
Comédia,499701
Família,499701
Comédia,400157
Animação,400157
Aventura,400157
Família,400157
Fantasia,400157
Ação,369885
Drama,369885
Guerra,369885
Romance,369885
Thriller,369885
Faroeste,11072
Comédia,11072
Drama,1633
Comédia,1633
Drama,11816
Ação,7364
Aventura,7364
Comédia,7364
Drama,7364
Mistério,7364
Ação,306
Comédia,306
Crime,306
Terror,806
Thriller,2251
Drama,2251
Terror,332567
Drama,332567
Thriller,332567
Comédia,6538
Drama,6538
História,6538
Terror,9286
Mistério,9286
Romance,10207
Drama,10207
Terror,610253
Thriller,610253
Ação,316727
Terror,316727
Thriller,316727
Família,10438
Comédia,10438
Comédia,9955
Comédia,356305
Romance,3933
Fantasia,3933
Animação,3933
Thriller,10003
Ação,10003
Romance,10003
Ficção científica,10003
Aventura,10003
Ficção científica,200
Ação,200
Aventura,200
Thriller,200
Família,149870
Drama,149870
Animação,149870
Guerra,149870
História,149870
Romance,149870
Ação,76649
Aventura,76649
História,76649
Romance,76649
Drama,76649
Comédia,264999
Drama,264999
Thriller,8271
Drama,8271
Mistério,8271
Ação,11001
Comédia,11001
Crime,11001
Drama,10731
Thriller,10731
Crime,10731
Mistério,10731
Thriller,10145
Drama,10145
Terror,10145
Mistério,10145
Ficção científica,10145
Mistério,445571
Comédia,445571
Crime,445571
Aventura,9476
Drama,9476
Romance,9476
Ação,9476
Família,171147
Comédia,171147
Família,12139
Comédia,12139
Drama,1366
Comédia,16290
Documentário,16290
Ação,16290
Drama,55787
Romance,55787
Comédia,15189
Família,15189
Terror,82654
Comédia,82654
Romance,82654
Drama,866
Drama,9882
Ação,9882
Thriller,9882
Crime,9882
Ação,9257
Thriller,9257
Crime,9257
Animação,9907
Comédia,9907
Família,9907
Ação,72331
Fantasia,72331
Terror,72331
Comédia,2925
Drama,867
Thriller,867
Crime,524
Drama,524
Aventura,681
Ação,681
Thriller,681
Romance,191421
Drama,191421
Ação,5919
Thriller,5919
Drama,5919
Drama,132363
História,71688
Drama,71688
Ação,2789
Ficção científica,2789
Terror,23437
Mistério,23437
Thriller,23437
Romance,11036
Drama,11036
Animação,566555
Ação,566555
Drama,566555
Mistério,566555
Comédia,566555
Drama,2288
Comédia,114150
Música,114150
Romance,114150
Fantasia,8840
Ação,8840
Aventura,8840
Música,525
Comédia,525
Ação,525
Crime,525
Aventura,8856
Drama,8856
Ação,8856
Romance,8856
Família,8856
Comédia,8012
Thriller,8012
Crime,8012
Ação,522627
Crime,522627
Comédia,522627
Drama,22971
Romance,22971
Guerra,22971
Terror,6466
Romance,2044
Drama,2044
Mistério,2044
Comédia,10521
Romance,10521
Ação,10590
História,10590
Guerra,10590
Ação,373449
Ficção científica,373449
Thriller,373449
Comédia,384682
Drama,82696
Comédia,82696
Romance,82696
Música,9762
Drama,9762
Romance,9762
Crime,9762
Aventura,68737
Fantasia,68737
Terror,21407
Thriller,21407
Drama,1439
Romance,1439
História,1439
Comédia,6282
Drama,6282
Música,6282
Romance,6282
Terror,11917
Thriller,11917
Crime,11917
Crime,320
Mistério,320
Thriller,320
Ação,11371
Crime,11371
Thriller,11371
Mistério,11371
Ficção científica,9482
Ficção científica,9348
Terror,9348
Ação,9348
Comédia,9879
Crime,9879
Drama,9879
Ação,12113
Drama,12113
Thriller,12113
Ação,7555
Thriller,7555
Fantasia,353491
Ação,353491
Ficção científica,353491
Aventura,353491
Comédia,12153
Crime,12153
Crime,3580
Drama,3580
Mistério,3580
Comédia,36685
Ficção científica,36685
Fantasia,36685
Terror,36685
Terror,9532
Drama,518068
Fantasia,518068
Ação,518068
Comédia,140823
Drama,140823
História,140823
Comédia,39691
Família,39691
Ação,39691
Fantasia,39691
Aventura,39691
Mistério,39691
Comédia,23023
Família,23023
Fantasia,23023
Terror,157433
Thriller,157433
Comédia,259694
Romance,259694
Guerra,282631
Ação,282631
Drama,282631
História,282631
Drama,3036
Terror,3036
Ficção científica,3036
Romance,3036
Animação,459151
Comédia,459151
Aventura,459151
Família,459151
Terror,238636
Thriller,238636
Comédia,423626
Família,423626
Drama,907
Romance,907
Guerra,907
Comédia,257091
Ação,667
Thriller,667
Aventura,667
Fantasia,834
Ação,834
Thriller,834
Comédia,440472
Drama,440472
Romance,8676
Comédia,8676
Aventura,8676
Família,2899
Fantasia,2899
Comédia,2899
Aventura,2899
Comédia,521777
Comédia,10021
Drama,12150
Crime,12150
Mistério,12150
Romance,12150
Thriller,12150
Comédia,6519
Aventura,6519
Ação,6519
Crime,1642
Drama,1642
Mistério,1642
Thriller,1642
Ação,1642
Ação,6623
Thriller,6623
Drama,60308
Animação,175574
Comédia,175574
Família,175574
Ficção científica,299687
Aventura,299687
Ação,299687
Aventura,16690
Fantasia,16690
Animação,16690
Família,16690
Drama,1124
Mistério,1124
Thriller,1124
Aventura,9016
Animação,9016
Família,9016
Fantasia,9016
Ficção científica,9016
Comédia,9675
Drama,9675
Romance,9675
Drama,2649
Thriller,2649
Mistério,2649
Drama,15472
Thriller,15472
Crime,15472
Mistério,15472
Drama,71
Comédia,71
Música,71
Documentário,10946
Drama,510
Ação,13387
Aventura,13387
Thriller,13387
Crime,13387
Drama,8055
Romance,8055
Comédia,325133
Ação,48340
Thriller,48340
Romance,921
Drama,921
História,921
Comédia,6280
Família,6280
Romance,6280
Comédia,11050
Drama,11050
Comédia,20048
Romance,20048
Thriller,333371
Ficção científica,333371
Drama,333371
Terror,333371
Animação,170687
Comédia,170687
Família,170687
Fantasia,170687
Comédia,203801
Ação,203801
Aventura,203801
Faroeste,2023
Aventura,2023
Ação,2023
Terror,10065
Ação,6415
Comédia,6415
Guerra,6415
Aventura,9992
Fantasia,9992
Animação,9992
Família,9992
Comédia,9087
Drama,9087
Romance,9087
Comédia,227159
Aventura,481848
Família,481848
Drama,481848
Comédia,12118
Crime,12118
Ação,256961
Comédia,256961
Família,256961
Comédia,3049
Aventura,3049
Música,120454
Ação,7007
Drama,7007
Thriller,7007
Ação,479
Aventura,479
Crime,479
Thriller,479
Família,77174
Animação,77174
Aventura,77174
Comédia,77174
Terror,9373
Drama,44603
Fantasia,44603
Drama,1945
Thriller,1945
Romance,270724
Comédia,270724
Comédia,10761
Romance,10761
Comédia,2069
Crime,2069
Aventura,13836
Família,13836
Fantasia,13836
Ficção científica,13836
Thriller,13836
Ação,13836
Drama,2054
Música,2054
Família,2054
Drama,12102
Família,263109
Animação,263109
Comédia,263109
Aventura,263109
Crime,10396
Romance,10396
Thriller,10396
Drama,2755
Comédia,2755
Comédia,38408
Romance,38408
Drama,38408
História,369972
Drama,369972
Drama,313108
Aventura,4442
Fantasia,4442
Ação,4442
Comédia,4442
Thriller,4442
Comédia,2322
Crime,2322
Drama,2322
Crime,82682
Drama,82682
Ação,82682
Thriller,82682
Crime,2043
Mistério,2043
Thriller,2043
Ação,2043
Comédia,9870
Romance,9870
Drama,9870
Comédia,266294
Família,16866
Comédia,16866
Ficção científica,16866
Aventura,16866
Animação,16866
Comédia,37247
Drama,37247
Terror,348
Ficção científica,348
Comédia,77953
Ação,2034
Crime,2034
Drama,2034
Thriller,2034
Ação,51533
Comédia,51533
Aventura,7453
Comédia,7453
Família,7453
Ficção científica,7453
Crime,198184
Ação,198184
Ficção científica,198184
Thriller,10771
Ação,10771
Comédia,10771
Ficção científica,10771
Comédia,296099
Ação,3512
Thriller,3512
Terror,280092
Drama,280092
Thriller,280092
Terror,8843
Ficção científica,8843
Thriller,8843
Ação,637649
Crime,637649
Thriller,637649
Animação,13700
Família,13700
Terror,176
Mistério,176
Crime,176
Thriller,8688
Crime,8688
Mistério,8688
Drama,922
Fantasia,922
Faroeste,922
Aventura,8592
Ação,8592
Comédia,8592
Thriller,8592
Crime,8592
Terror,242512
Comédia,19494
Drama,194662
Comédia,194662
Ação,416249
Crime,416249
Drama,416249
Romance,3525
Comédia,3525
Comédia,10314
Romance,10314
Drama,124471
Fantasia,124471
Família,54318
Aventura,54318
Fantasia,54318
Thriller,157353
Ficção científica,157353
Drama,157353
Mistério,157353
Drama,11349
Thriller,11349
Terror,1576
Ação,1576
Ficção científica,1576
Terror,298250
Crime,298250
Mistério,298250
Thriller,298250
Fantasia,9007
Romance,9007
Drama,9007
Comédia,9007
Mistério,14435
Terror,14435
Comédia,9894
Drama,9894
Thriller,9894
Drama,43347
Comédia,43347
Romance,43347
Crime,1592
Drama,1592
Mistério,1592
Thriller,1592
Drama,240
Crime,240
Comédia,19908
Terror,19908
Thriller,11808
Crime,11808
Ação,11808
Ação,924
Terror,924
Faroeste,642
Drama,642
Crime,642
Comédia,433
Família,433
Fantasia,433
Drama,8470
Thriller,8470
Crime,8470
Fantasia,12556
Comédia,12556
Romance,12556
Ação,377447
Comédia,377447
Guerra,377447
Ação,345887
Thriller,345887
Crime,345887
Drama,376812
Ação,376812
Comédia,14741
Romance,14741
Comédia,9890
Ficção científica,9890
Terror,9890
Thriller,9890
Comédia,397
Romance,397
Animação,493006
Crime,493006
Mistério,493006
Ação,493006
Drama,493006
Thriller,76487
Terror,76487
Ação,88751
Ficção científica,88751
Aventura,88751
Comédia,88751
Família,88751
Thriller,8831
Ficção científica,8831
Ação,8831
Crime,8831
Ação,10189
Comédia,10189
Crime,10189
Comédia,9072
Crime,9072
Comédia,12090
Romance,12090
Ação,9470
Comédia,9470
Crime,9470
Fantasia,9470
Ação,10040
Comédia,10040
Comédia,75
Fantasia,75
Ficção científica,75
Drama,24420
Romance,24420
Fantasia,24420
Drama,236751
Comédia,21629
Ação,1647
Thriller,1647
Drama,274479
Comédia,274479
Drama,10684
Thriller,10684
Mistério,10684
Guerra,10684
Drama,550
Família,218778
Comédia,218778
Terror,395992
Ficção científica,395992
Thriller,395992
Comédia,226486
Comédia,773
Drama,773
Família,14444
Animação,14444
Comédia,14444
Aventura,14444
Ação,10671
Drama,44560
Drama,1247
Thriller,1247
História,1247
Drama,9563
Família,16523
Fantasia,16523
Ficção científica,16523
Drama,16523
Drama,205220
Aventura,10488
Comédia,10488
Família,10488
Fantasia,10488
Thriller,12103
Ação,341013
Thriller,341013
Terror,879890
Thriller,520393
Comédia,520393
Terror,520393
Comédia,506972
Crime,506972
Drama,506664
Mistério,20416
Thriller,20416
Aventura,20416
Comédia,19404
Drama,19404
Romance,19404
Comédia,6471
Aventura,6116
Fantasia,6116
Drama,6116
Comédia,6116
Música,6116
Ação,1620
Thriller,1620
Drama,1620
Aventura,364324
Ação,364324
Thriller,364324
Ação,11667
Aventura,11667
Thriller,11667
Drama,11667
Ficção científica,11667
Drama,77877
Romance,77877
Fantasia,1487
Ação,1487
Comédia,9353
Família,9353
Drama,160588
Aventura,420814
Comédia,420814
Família,420814
Fantasia,420814
Comédia,211954
Drama,211954
Família,290970
Música,290970
Comédia,55382
Drama,55382
Crime,55382
Mistério,55382
Ação,86718
Ficção científica,86718
Thriller,86718
Drama,261023
Crime,261023
História,261023
Fantasia,12185
Comédia,12185
Ação,217923
Crime,217923
Fantasia,217923
Aventura,217923
Drama,314365
Thriller,314365
História,314365
Comédia,11353
Terror,298312
Thriller,298312
Mistério,298312
Música,54518
Documentário,54518
Família,54518
Drama,1640
Comédia,9397
Ficção científica,9397
Ação,9397
Ficção científica,87421
Ação,87421
Thriller,87421
Ficção científica,106
Ação,106
Aventura,106
Thriller,106
Ação,1428
Drama,1428
Mistério,1428
Ação,37821
Comédia,37821
Thriller,37821
Romance,37821
Drama,8741
História,8741
Guerra,8741
Aventura,39513
Comédia,39513
Ficção científica,39513
Família,11637
Aventura,11637
Comédia,11637
Romance,11637
Ação,5375
Comédia,5375
Drama,5375
Thriller,1817
Drama,1817
Crime,484247
Thriller,484247
Mistério,484247
Comédia,484247
Terror,588
Mistério,588
Romance,112949
Thriller,112949
Aventura,682
Ação,682
Thriller,682
Aventura,309809
Animação,309809
Fantasia,309809
Família,309809
Terror,109428
Romance,7300
Comédia,7300
Animação,228326
Aventura,228326
Comédia,228326
Família,228326
Fantasia,228326
Terror,41446
Mistério,41446
Drama,25
Guerra,25
Terror,49018
Thriller,49018
Drama,853
Guerra,853
História,853
Ficção científica,174
Ação,174
Aventura,174
Thriller,174
Ação,154
Aventura,154
Ficção científica,154
Thriller,154
Aventura,10303
Ação,10303
Comédia,10303
Romance,10303
Comédia,22949
Família,22949
Thriller,8224
Crime,8224
Mistério,8224
Drama,8696
Comédia,8696
Comédia,10096
Fantasia,10096
Romance,10096
Drama,5038
Romance,5038
Thriller,77866
Ação,77866
Drama,77866
Crime,77866
Ação,23483
Crime,23483
Drama,14462
Thriller,14462
Mistério,14462
Ficção científica,8452
Mistério,8452
Ação,8452
Comédia,67660
Romance,67660
Ficção científica,1954
Thriller,1954
Drama,48171
Thriller,48171
Terror,48171
Comédia,10860
Drama,10860
Romance,10860
Drama,10024
Fantasia,277
Ação,277
Thriller,277
Ação,7485
Drama,7485
Mistério,7485
Thriller,7485
Crime,7485
Aventura,1273
Animação,1273
Comédia,1273
Família,1273
Comédia,13665
Drama,13665
Romance,13665
Terror,417384
Thriller,417384
Terror,243688
Thriller,243688
Ação,9620
Aventura,9620
Mistério,9620
Ficção científica,9620
Thriller,9620
Drama,62837
Família,62837
Fantasia,123553
Ação,123553
Mistério,123553
Thriller,460019
Terror,460019
Drama,76758
História,76758
Guerra,76758
Comédia,4551
Crime,4551
Drama,109410
Crime,1537
Thriller,1537
Guerra,22972
Ação,22972
Aventura,22972
Drama,22972
Thriller,22972
Comédia,2018
Romance,2018
Comédia,460668
Romance,460668
Aventura,8987
Ação,8987
Crime,8987
Thriller,8987
Comédia,291870
Ação,271969
História,271969
Aventura,271969
Drama,271969
Comédia,437557
Fantasia,9495
Ação,9495
Thriller,9495
Drama,9913
Terror,9913
Mistério,9913
Thriller,9913
Drama,231
Thriller,231
Família,7459
Ação,7459
Aventura,7459
Comédia,7459
Thriller,205775
Drama,205775
Aventura,205775
Ação,205775
História,205775
Romance,1641
Comédia,1641
Comédia,52077
Fantasia,7980
Drama,7980
Drama,45317
Crime,487558
Drama,487558
História,487558
Comédia,487558
Família,10992
Comédia,10992
Aventura,442062
Comédia,442062
Fantasia,442062
Família,442062
Terror,442062
Thriller,303858
Drama,303858
Animação,639721
Comédia,639721
Família,639721
Comédia,9930
Crime,9930
Romance,9930
Thriller,9930
Ação,8838
Crime,8838
Drama,8838
Thriller,8838
Drama,4566
Thriller,4566
Drama,345938
Fantasia,345938
Drama,535
Romance,535
Mistério,1586
Thriller,1586
Aventura,9550
Drama,9550
Ação,9550
Romance,9550
Comédia,639
Romance,639
Drama,639
Comédia,3638
Romance,3638
Drama,3638
Drama,10950
Comédia,15373
Ação,8292
Crime,8292
Drama,613
História,613
Guerra,613
Fantasia,12437
Ação,12437
Thriller,12437
Ação,543094
Aventura,543094
Ficção científica,543094
Comédia,9820
Família,9820
Comédia,11566
Comédia,9043
Drama,9043
Romance,9043
Comédia,16538
Romance,16538
Ação,8007
Drama,8007
Thriller,8007
Guerra,8007
Ação,307081
Drama,307081
Ação,463319
Drama,463319
Aventura,23047
Fantasia,23047
Ação,23047
Terror,13207
Romance,527641
Drama,527641
Ação,522938
Thriller,522938
Drama,522938
Thriller,6145
Comédia,170805
Ação,170805
Aventura,170805
Comédia,15596
Romance,454619
Comédia,454619
Drama,11804
Terror,11804
Thriller,11804
Terror,11618
Thriller,11618
Fantasia,11618
Mistério,11618
Ação,2085
Crime,2085
Thriller,2085
Ação,44977
Crime,44977
Thriller,44977
Terror,9358
Mistério,9358
Terror,16871
Thriller,16871
Comédia,6439
Família,6439
Comédia,10158
Drama,10158
Ação,256040
Drama,256040
Comédia,926
Família,926
Ficção científica,926
Aventura,926
Romance,302688
Comédia,302688
Aventura,10730
Drama,10730
Terror,10730
Comédia,8699
Comédia,15670
Crime,15670
Drama,15670
Animação,370567
Família,370567
Fantasia,370567
Comédia,370567
Aventura,370567
Mistério,370567
Comédia,2976
Romance,2976
Drama,2976
Comédia,1588
Comédia,1621
Fantasia,1636
Comédia,1636
Romance,1636
Mistério,2832
Thriller,2832
Drama,96721
Ação,96721
Comédia,32823
Aventura,32823
Música,32823
Aventura,2756
Ação,2756
Thriller,2756
Ficção científica,2756
Drama,496230
Romance,496230
Thriller,496230
Guerra,11202
Drama,11202
História,11202
Ação,23629
Fantasia,23629
Thriller,23629
Drama,42297
Romance,42297
Thriller,631843
Mistério,631843
Terror,631843
Crime,11412
Ação,11412
Mistério,11412
Thriller,11412
Ficção científica,158015
Terror,158015
Thriller,158015
Comédia,11846
Romance,11846
Thriller,511987
Terror,511987
Fantasia,49730
Thriller,49730
Terror,49730
Drama,35690
Família,35690
Romance,35690
Ação,9335
Thriller,9335
Crime,9335
Comédia,2800
Drama,228194
Comédia,228194
Comédia,69798
Ação,245891
Thriller,245891
Animação,529426
Comédia,529426
Aventura,529426
Ficção científica,529426
Ação,411268
Crime,411268
Drama,411268
Drama,1715
Drama,345920
Romance,345920
Terror,1255
Drama,1255
Ficção científica,1255
Ação,6038
Aventura,6038
Comédia,6038
Faroeste,6038
Música,515195
Comédia,515195
Romance,515195
Fantasia,515195
Comédia,89492
Drama,75428
Drama,11087
Thriller,11087
Drama,196325
Thriller,17692
Terror,17692
Ação,346646
Comédia,346646
Crime,346646
Thriller,184346
Crime,184346
Terror,184346
Fantasia,1491
Drama,1491
Thriller,1491
Romance,1491
Ação,10336
Aventura,10336
Fantasia,10336
Terror,10336
Ficção científica,10336
Thriller,10336
Thriller,16995
Drama,16995
Drama,5279
Mistério,5279
Thriller,5279
Drama,8489
Documentário,17704
Ação,396535
Terror,396535
Thriller,396535
Família,9530
Comédia,9530
Animação,10693
Família,10693
Aventura,10693
Fantasia,10693
Ação,441909
Thriller,441909
Crime,134374
Ação,134374
Animação,795607
Fantasia,795607
Ação,795607
Aventura,795607
Comédia,11635
Comédia,10067
Família,10067
Drama,122906
Romance,122906
Fantasia,122906
Ficção científica,157
Ação,157
Aventura,157
Thriller,157
Aventura,10199
Animação,10199
Família,10199
Comédia,37137
Crime,37137
Comédia,9760
Ação,9760
Aventura,9760
Ação,110415
Ficção científica,110415
Drama,110415
Thriller,4349
Ação,4349
Drama,4349
Aventura,9326
Ação,9326
Comédia,9326
Romance,9326
Aventura,375588
Ação,375588
Thriller,375588
Guerra,9567
Ação,9567
Drama,9567
Terror,11449
Comédia,188161
Faroeste,188161
Comédia,38778
Aventura,11459
Comédia,11459
Família,11459
Terror,227348
Thriller,227348
Música,1407
Drama,1407
Comédia,3034
Comédia,308266
Crime,308266
Drama,308266
Romance,243683
Drama,243683
Música,243683
Comédia,48988
Romance,48988
Música,470878
Drama,470878
Drama,268238
Comédia,268238
Terror,170
Thriller,170
Ficção científica,170
Comédia,219
Drama,219
Romance,219
Família,56288
Comédia,56288
Ação,56288
Mistério,286565
Drama,286565
Romance,286565
Aventura,9896
Comédia,9896
Terror,77883
Thriller,77883
Crime,13051
Ação,13051
Drama,13051
Thriller,13051
Crime,50348
Drama,50348
Thriller,50348
Comédia,10328
Drama,10328
Ficção científica,10328
Drama,116
Thriller,116
Crime,116
Romance,116
Ação,10890
Comédia,10890
Comédia,24438
Mistério,328387
Aventura,328387
Crime,328387
Ação,15417
Comédia,15417
Aventura,15417
Romance,15417
Drama,15417
Drama,1367
Aventura,2114
Ação,2114
Animação,2114
Fantasia,2114
Ficção científica,2114
Thriller,2114
Romance,2114
Aventura,12230
Animação,12230
Comédia,12230
Família,12230
Drama,387
História,387
Guerra,387
Ação,273481
Crime,273481
Thriller,273481
Crime,1949
Drama,1949
Mistério,1949
Thriller,1949
Comédia,11090
Comédia,7278
Crime,353070
Comédia,353070
Drama,88794
Crime,88794
História,88794
Romance,11355
Comédia,11355
Drama,11355
Ação,551
Aventura,551
Drama,551
Thriller,551
Animação,271706
Aventura,271706
Fantasia,271706
Drama,4978
Família,4978
Animação,4978
Aventura,4978
Música,4978
Comédia,13767
Família,13767
Aventura,13767
Guerra,248087
Drama,248087
Família,12144
Animação,12144
Aventura,12144
Drama,2323
Fantasia,2323
Drama,14326
Romance,14326
Animação,10895
Família,10895
Mistério,506763
Fantasia,506763
Aventura,506763
Ação,506763
Thriller,9963
Drama,9963
Mistério,9963
Família,38579
Comédia,38579
Drama,205587
Aventura,86184
Família,86184
Animação,86184
Aventura,428078
Ficção científica,428078
Crime,38322
Comédia,38322
Ação,38322
Ação,460465
Fantasia,460465
Aventura,460465
Crime,107
Comédia,107
Ação,1089
Thriller,1089
Crime,1089
Ação,124157
Crime,124157
Comédia,813
Drama,14811
Romance,14811
Crime,4133
Drama,4133
Fantasia,1417
Drama,1417
Guerra,1417
Comédia,43593
Terror,43593
Animação,9473
Comédia,9473
Terror,14564
Comédia,11931
Drama,11931
Romance,11931
Animação,265712
Família,265712
Ficção científica,265712
Fantasia,265712
Comédia,329263
Comédia,10411
Crime,82525
Drama,82525
Thriller,82525
Thriller,9754
Terror,82507
Thriller,82507
Mistério,82507
Comédia,515001
Guerra,515001
Drama,515001
Drama,1985
Mistério,1985
Thriller,1985
Drama,133805
Terror,133805
Thriller,10665
Terror,10665
Mistério,10665
Drama,9079
Romance,9079
Crime,1248
Drama,1248
Thriller,1248
Terror,1248
Drama,4518
História,4518
Aventura,6278
Ação,6278
Fantasia,6278
Comédia,37056
Drama,37056
Romance,37056
História,375262
Drama,375262
Comédia,375262
Ação,314
Fantasia,314
Mistério,314
Crime,314
Thriller,59965
Ação,59965
Mistério,59965
Terror,1690
Aventura,668
Ação,668
Thriller,668
Ação,249070
Crime,249070
Thriller,249070
Ação,437068
Drama,437068
História,437068
Terror,335796
Thriller,335796
Drama,432527
História,432527
Romance,432527
Comédia,651
Drama,651
Guerra,651
Animação,62214
Comédia,62214
Família,62214
Drama,9715
Romance,9715
Comédia,9715
Comédia,31357
Drama,31357
Romance,31357
Comédia,188183
Romance,188183
Drama,6076
Comédia,6076
Romance,6076
Ação,75674
Thriller,75674
Guerra,75674
Comédia,9336
Crime,9336
Ação,219572
Crime,219572
Drama,219572
Thriller,219572
Crime,12201
Drama,12201
Mistério,12201
Thriller,12201
Fantasia,346672
Ação,346672
Thriller,346672
Comédia,11888
Família,11888
Aventura,11888
Família,12589
Ação,12589
Aventura,12589
Animação,12589
Comédia,12589
Fantasia,12589
Ficção científica,12589
Aventura,10159
Ação,10159
Comédia,10159
Thriller,10159
Família,14411
Animação,14411
Aventura,14411
Comédia,14411
Fantasia,14411
Ação,14411
Comédia,2039
Drama,2039
Romance,2039
Drama,49517
Thriller,49517
Mistério,49517
Crime,4638
Ação,4638
Comédia,4638
Comédia,40264
Ação,449443
Thriller,449443
Crime,449443
Comédia,145220
Aventura,145220
Crime,145220
Família,145220
Terror,2082
Terror,493922
Mistério,493922
Thriller,493922
Drama,11329
Thriller,11329
Drama,711
Drama,1788
Romance,1788
Música,479794
Comédia,479794
Drama,479794
Ação,335462
Guerra,335462
Drama,19610
Música,19610
Romance,19610
Comédia,11824
Fantasia,11824
Romance,11824
Ação,10877
Crime,10877
Thriller,10877
Ação,10136
Aventura,10136
Comédia,10136
Fantasia,10136
Mistério,10136
Comédia,252838
Romance,76494
Comédia,76494
Drama,76494
Ação,11123
Drama,11123
Thriller,11123
Ação,860
Ação,13389
Crime,13389
Drama,13389
Thriller,13389
Comédia,338
Drama,338
Comédia,2616
Drama,2616
Família,2616
Aventura,9387
Fantasia,9387
Ação,9387
Comédia,9714
Família,9714
Drama,334541
Drama,391713
Comédia,391713
Ação,657
Thriller,657
Aventura,657
Thriller,150
Ação,150
Comédia,150
Crime,150
Drama,150
