id_TMDB,id_IMDB,titulo,titulo_original,sinopse,duracao,ano,classificacao,situacao,idioma_original,orcamento,receita,num_oscars
19995,tt0499549,Avatar,Avatar,"Apesar de não ter mais os movimentos da perna, o ex-fuzileiro naval Jake Sully ainda sente que pode ser um guerreiro. Sua intuição começa a se tornar realidade quando ele viaja anos-luz até a estação espacial montada no Planeta Pandora. Habitado por grandes seres azuis, os Na´vi, o local tem uma atmosfera fatal para qualquer terrestre. Por isso, oficiais criaram o programa Avatar, em que um corpo biológico, híbrido de humano e Na´vi, pode ser comandado a distância.",177,2009,United States:TV-14::(TV Rating),Released,en,237000000,2847246203,3.0
299534,tt4154796,Vingadores: Ultimato,Avengers: Endgame,"Após os eventos devastadores de ""Vingadores: Guerra Infinita"", o universo está em ruínas devido aos esforços do Titã Louco, Thanos. Com a ajuda de aliados remanescentes, os Vingadores devem se reunir mais uma vez a fim de desfazer as ações de Thanos e restaurar a ordem no universo de uma vez por todas, não importando as consequências.",181,2019,United States:PG-13,Released,en,356000000,2797800564,0.0
140607,tt2488496,Star Wars: O Despertar da Força,Star Wars: The Force Awakens,"A queda de Darth Vader e do Império levou ao surgimento de uma nova força sombria: a Primeira Ordem. Eles procuram o jedi Luke Skywalker, desaparecido. A resistência tenta desesperadamente encontrá-lo antes para salvar a galáxia.",136,2015,United States:PG-13,Released,en,245000000,2068223624,0.0
299536,tt4154756,Vingadores: Guerra Infinita,Avengers: Infinity War,"Homem de Ferro, Thor, Hulk e os Vingadores se unem para combater seu inimigo mais poderoso, o maligno Thanos. Em uma missão para coletar todas as seis pedras infinitas, Thanos planeja usá-las para infligir sua vontade maléfica sobre a realidade.",182,2018,United States:PG-13,Released,en,300000000,2046239637,0.0
135397,tt0369610,Jurassic World: O Mundo dos Dinossauros,Jurassic World,"O Jurassic Park, localizado na ilha Nublar, enfim está aberto ao público. Com isso, as pessoas podem conferir shows acrobáticos com dinossauros e até mesmo fazer passeios bem perto deles, já que agora estão domesticados. Entretanto, a equipe chefiada pela doutora Claire passa a fazer experiências genéticas com estes seres, de forma a criar novas espécies. Uma delas adquire inteligência bem mais alta, logo se tornando uma grande ameaça para a existência humana.",125,2015,United States:TV-14::(LV),Released,en,150000000,1671713208,0.0
420818,tt6105098,O Rei Leão,The Lion King,"Simba é um jovem leão cujo destino é se tornar o rei da selva. Entretanto, uma armadilha elaborada por seu tio Scar faz com que Mufasa, o atual rei, morra ao tentar salvar o filhote. Consumido pela culpa, Simba deixa o reino rumo a um local distante, onde encontra amigos que o ensinam a mais uma vez ter prazer pela vida.",118,2019,United States:PG,Released,en,260000000,1667635327,0.0
24428,tt0848228,Os Vingadores: The Avengers,The Avengers,"Loki, o irmão de Thor, ganha acesso ao poder ilimitado do cubo cósmico ao roubá-lo de dentro das instalações da S.H.I.E.L.D. Nick Fury, o diretor desta agência internacional que mantém a paz, logo reúne os únicos super-heróis que serão capazes de defender a Terra de ameaças sem precedentes. Homem de Ferro, Capitão América, Hulk, Thor, Viúva Negra e Gavião Arqueiro formam o time dos sonhos de Fury, mas eles precisam aprender a colocar os egos de lado e agir como um grupo em prol da humanidade.",143,2012,United States:TV-14::(LV),Released,en,220000000,1518815515,0.0
168259,tt2820852,Velozes & Furiosos 7,Furious 7,"Após os acontecimentos em Londres, Dom, Brian, Letty e o resto da equipe têm a chance de voltar para os Estados Unidos e recomeçar suas vidas. Mas a tranquilidade do grupo é destruída quando Deckard Shaw, um assassino profissional, quer vingança pelo acidente que deixou seu irmão em coma. Agora, a equipe tem de unir forças para deter um vilão novo e ainda mais perigoso. Dessa vez, não se trata apenas de uma questão de velocidade: a corrida é pela sobrevivência.",132,2015,United States:TV-14::(TV rating),Released,en,190000000,1515047671,0.0
330457,tt4520988,Frozen II,Frozen II,"Elsa, Anna, Kristoff, Olaf e Sven se aventuram na floresta encantada e nos mares escuros além de Arendelle – onde Elsa descobre não apenas a verdade sobre seu passado, mas uma ameaça ao seu reino.",103,2019,United States:PG,Released,en,150000000,1450026933,0.0
99861,tt2395427,Vingadores: Era de Ultron,Avengers: Age of Ultron,"Ao tentar proteger o planeta de ameaças, Tony Stark constrói um sistema de inteligência artificial que cuidaria da paz mundial. O projeto acaba dando errado e gera o nascimento do Ultron. Com o destino da Terra em jogo, os Vingadores terão que se unir para mais uma vez salvar a raça humana da extinção.",141,2015,United States:PG-13,Released,en,250000000,1405403694,0.0
284054,tt1825683,Pantera Negra,Black Panther,"O príncipe T'Challa retorna a Wakanda para ser coroado rei. Assumindo o manto de Pantera Negra, ele vai à caça de um vilão que roubou um precioso metal de seu país.",134,2018,United States:PG-13,Released,en,200000000,1346739107,3.0
12445,tt1201607,Harry Potter e as Relíquias da Morte - Parte 2,Harry Potter and the Deathly Hallows: Part 2,"No final épico, a batalha entre as forças do bem e do mal no mundo da bruxaria toma proporções de uma guerra mundial. As apostas nunca foram tão altas e ninguém está a salvo. Mas é harry que pode ser convocado para fazer um derradeiro sacrifício, à medida que ele se aproxima cada vez mais do confronto final com Lorde Voldemort. Tudo termina aqui.",130,2011,United States:PG-13,Released,en,125000000,1341511219,0.0
181808,tt2527336,Star Wars: Os Últimos Jedi,Star Wars: The Last Jedi,"A tranquila e solitária vida de Luke Skywalker sofre uma reviravolta quando ele conhece Rey, uma jovem que mostra fortes sinais da Força. O desejo dela de aprender o estilo dos Jedi força Luke a tomar uma decisão que mudará sua vida para sempre. Enquanto isso, Kylo Ren e o General Hux lideram a Primeira Ordem para um ataque total contra Leia e a Resistência pela supremacia da galáxia.",150,2017,United States:PG-13,Released,en,200000000,1332539889,0.0
351286,tt4881806,Jurassic World: Reino Ameaçado,Jurassic World: Fallen Kingdom,"Quatro anos após o fechamento do Jurassic World, um vulcão prestes a entrar em erupção põe em risco a vida na ilha Nublar. No local não há mais qualquer presença humana, com os dinossauros vivendo livremente. Diante da situação, é preciso tomar uma decisão: deve-se retornar à ilha para salvar os animais ou abandoná-los para uma nova extinção? Decidida a resgatá-los, Claire convoca Owen a retornar à ilha com ela.",128,2018,United States:PG-13,Released,en,170000000,1303459585,0.0
109445,tt2294629,Frozen: Uma Aventura Congelante,Frozen,"A destemida e otimista Anna sai em uma jornada épica, ao lado de Kristoff e sua leal rena Sven, para encontrar sua irmã Elsa, cujos poderes congelantes aprisionaram o reino de Arendelle em um inverno eterno. Encontrando condições de Everest, trolls místicos e um hilário boneco de neve chamado Olaf, Anna e Kristoff enfrentam obstáculos em uma corrida para salvar o reino.",102,2013,United States:TV-PG,Released,en,150000000,1274219009,2.0
321612,tt2771200,A Bela e a Fera,Beauty and the Beast,"Moradora de uma pequena aldeia francesa, Bela tem o pai capturado pela Fera e decide entregar sua vida ao estranho ser em troca da liberdade do progenitor. No castelo ela conhece objetos mágicos e descobre que a Fera é na verdade um príncipe que precisa de amor para voltar à forma humana.",129,2017,United States:TV-PG::(TV Rating),Released,en,160000000,1263521126,0.0
260513,tt3606756,Os Incríveis 2,Incredibles 2,"Helena é chamada para liderar uma campanha para trazer os superheróis de volta. Enquanto Roberto deve enfrentar os desafios heroicos do dia a dia da vida doméstica. Mas quando um novo vilão aparece com um plano brilhante e perigoso, a família Pêra enfrenta o desafio juntos  com Gelado do lado deles.",118,2018,United States:PG,Released,en,200000000,1242805359,0.0
337339,tt4630562,Velozes & Furiosos 8,The Fate of the Furious,"Depois que Brian e Mia se aposentaram, e o resto da equipe foi exonerado, Dom e Letty estão em lua de mel e levam uma vida pacata e completamente normal. Mas a adrenalina do passado volta com tudo quando uma mulher misteriosa faz com que Dom retorne ao mundo do crime e da velocidade.",136,2017,United States:PG-13,Released,en,250000000,1238764765,0.0
68721,tt1300854,Homem de Ferro 3,Iron Man 3,"Depois de um inimigo reduzir o mundo de Tony Stark a destroços, o Homem de Ferro precisa aprender a confiar em seus instintos para proteger aqueles que ama, especialmente sua namorada, e lutar contra seu maior medo: o fracasso.",130,2013,United States:PG-13,Released,en,200000000,1214811252,0.0
211672,tt2293640,Minions: O Filme,Minions,"Seres amarelos milenares, os minions têm uma missão: servir os maiores vilões. Em depressão desde a morte de seu antigo mestre, eles tentam encontrar um novo chefe. Três voluntários, Kevin, Stuart e Bob, vão até uma convenção de vilões nos Estados Unidos e lá se encantam com Scarlet Overkill (Sandra Bullock), que ambiciona ser a primeira mulher a dominar o mundo.",91,2015,United States:TV-G,Released,en,74000000,1156730962,0.0
271110,tt3498820,Capitão América: Guerra Civil,Captain America: Civil War,"O ataque de Ultron fez com que os políticos buscassem algum meio de controlar os super-heróis, já que seus atos afetam toda a humanidade. Tal decisão coloca o Capitão América em rota de colisão com Tony Stark, o Homem de Ferro.",137,2016,United States:PG-13,Released,en,250000000,1153296293,0.0
297802,tt1477834,Aquaman,Aquaman,"A cidade de Atlantis, que já foi lar de uma das mais avançadas civilizações do mundo, agora é um reino submerso dominado pelo ganancioso Rei Orm. Com um vasto exército a seu dispor, Orm planeja conquistar tanto os demais reinos do oceano, quanto o mundo da superfície. Em seu caminho está Aquaman, meio-humano e meio-atlante, e verdadeiro herdeiro do trono. Com a ajuda da princesa Mera, Aquaman precisa recuperar o lendário Tridente de Atlan e aceitar seu destino como protetor das profundezas.",143,2018,United States:PG-13,Released,en,160000000,1148461807,0.0
429617,tt6320628,Homem-Aranha: Longe de Casa,Spider-Man: Far From Home,"Peter Parker está em uma viagem de duas semanas pela Europa, ao lado de seus amigos de colégio, quando é surpreendido pela visita de Nick Fury. Convocado para mais uma missão heroica, ele precisa enfrentar vários vilões que surgem em cidades-símbolo do continente, como Londres, Paris e Veneza, e também a aparição do enigmático Mysterio.",130,2019,United States:TV-14::(TV rating),Released,en,160000000,1131927996,0.0
299537,tt4154664,Capitã Marvel,Captain Marvel,"Capitã Marvel, parte do exército de elite dos Kree, uma raça alienígena, encontra-se no meio de uma batalha entre seu povo e os Skrulls. Ao tentar impedir uma invasão de larga escala na Terra, em 1995, ela tem memórias recorrentes de uma outra vida, como Carol Danvers, agente da Força Aérea norte-americana. Com a ajuda de Nick Fury, Capitã Marvel precisa descobrir os segredos de seu passado e pôr um fim ao conflito intergalático com os Skrulls.",124,2019,United States:PG-13,Released,en,152000000,1128276090,0.0
38356,tt1399103,Transformers: O Lado Oculto da Lua,Transformers: Dark of the Moon,"Sam Witwicky e sua nova namorada, Carly, entram na briga quando os Decepticons renovam sua guerra contra os Autobots. Optimus Prime acredita que ressuscitar o antigo Transformer Sentinel Prime, ex-líder dos Autobots, pode levar à vitória. Essa decisão tem consequências devastadoras e a guerra parece pender a favor dos Decepticons, causando um conflito épico em Chicago.",154,2011,United States:PG-13,Released,en,195000000,1123794079,0.0
122,tt0167260,O Senhor dos Anéis: O Retorno do Rei,The Lord of the Rings: The Return of the King,"O confronto final entre as forças do bem e do mal que lutam pelo controle do futuro da Terra Média se aproxima. Sauron planeja um grande ataque a Minas Tirith, capital de Gondor, o que faz com que Gandalf e Pippin partam para o local na intenção de ajudar a resistência. Um exército é reunido por Theoden em Rohan, em mais uma tentativa de deter as forças de Sauron. Enquanto isso, Frodo, Sam e Gollum seguem sua viagem rumo à Montanha da Perdição para destruir o anel.",202,2003,United States:PG-13,Released,en,94000000,1118888979,11.0
37724,tt1074638,007: Operação Skyfall,Skyfall,"Após uma missão mal sucedida de James Bond, a identidade de agentes secretos é revelada e o M16, atacado. Ajudado por um agente de campo, Bond deverá seguir a trilha de Silva, um homem que habita o passado de M e que tem contas a acertar.",143,2012,United States:PG-13,Released,en,200000000,1108561013,2.0
91314,tt2109248,Transformers: A Era da Extinção,Transformers: Age of Extinction,"Após a batalha entre os Autobots e os Decepticons, que arrasou Chicago, os gigantescos robôs alienígenas desapareceram. Atualmente, eles são caçados pelos humanos, que não desejam passar por apuros novamente. Porém, enquanto a humanidade tenta se recuperar dessa terrível batalha, uma nova ameaça paira sobre a Terra.",165,2014,United States:PG-13,Released,en,210000000,1104000000,0.0
49026,tt1345836,Batman: O Cavaleiro das Trevas Ressurge,The Dark Knight Rises,"Após ser culpado pela morte de Harvey Dent e passar de herói a vilão, Batman desaparece. As coisas mudam com a chegada de uma ladra misteriosa, a Mulher-Gato, e Bane, um terrorista mascarado, que fazem Batman abandonar seu exílio forçado.",165,2012,United States:TV-14::(LV),Released,en,250000000,1081041287,0.0
475557,tt7286456,Coringa,Joker,"Arthur Fleck trabalha como palhaço para uma agência de talentos e, toda semana, precisa comparecer a uma agente social, devido aos seus conhecidos problemas mentais. Após ser demitido, Fleck reage mal à gozação de três homens em pleno metrô e os mata. Os assassinatos iniciam um movimento popular contra a elite de Gotham City, da qual Thomas Wayne é seu maior representante.",122,2019,United States:R,Released,en,55000000,1074251311,2.0
181812,tt2527338,Star Wars: A Ascensão Skywalker,Star Wars: The Rise of Skywalker,"Com o retorno do Imperador Palpatine, todos voltam a temer seu poder e, com isso, a Resistência toma a frente da batalha que ditará os rumos da galáxia. Treinando para ser uma completa Jedi, Rey (Daisy Ridley) ainda se encontra em conflito com seu passado e futuro, mas teme pelas respostas que pode conseguir a partir de sua complexa ligação com Kylo Ren (Adam Driver), que também se encontra em conflito pela Força.",141,2019,United States:PG-13,Released,en,250000000,1074144248,0.0
301528,tt1979376,Toy Story 4,Toy Story 4,"Agora morando na casa da pequena Bonnie, Woody apresenta aos amigos o novo brinquedo construído por ela: Forky, baseado em um garfo de verdade. O novo posto de brinquedo não o agrada nem um pouco, o que faz com que Forky fuja de casa. Decidido a trazer de volta o atual brinquedo favorito de Bonnie, Woody parte em seu encalço e, no caminho, reencontra Bo Peep, que agora vive em um parque de diversões.",100,2019,United States:TV-PG::(ABC),Released,en,175000000,1073394593,1.0
10193,tt0435761,Toy Story 3,Toy Story 3,"Quando Andy se prepara para ir para a faculdade, Woody, Buzz, Jessie e o restante dos leais brinquedos de Andy pensam o que irá acontecer com eles. Mas quando uma confusão faz com que eles sejam levados à creche Sunnyside, eles conhecem um anfitrião de novos brinquedos e logo descobrem que uma nova aventura selvagem está apenas começando!",103,2010,United States:G,Released,en,200000000,1066969703,2.0
58,tt0383574,Piratas do Caribe: O Baú da Morte,Pirates of the Caribbean: Dead Man's Chest,"Will e Elizabeth estão prestes a se casar quando o lendário pirata Davy Jones, comandante do invencível navio assombrado, aparece para cobrar uma dívida do capitão Jack Sparrow, amigo do casal. A única chance de Sparrow se livrar de uma maldição de Jones é encontrando o baú da morte.",151,2006,United States:PG-13,Released,en,200000000,1065659812,1.0
330459,tt3748528,Rogue One: Uma História Star Wars,Rogue One: A Star Wars Story,"Em busca de uma nova esperança para a galáxia, a Aliança Rebelde enfrenta uma arriscada missão: roubar os planos que revelam uma falha na construção da Estrela da Morte. Para isso, eles contam com a ajuda de Jyn Erso, filha do criador da arma mais poderosa do império.",133,2016,United States:PG-13,Released,en,200000000,1056057273,0.0
420817,tt6139732,Aladdin,Aladdin,"Um jovem humilde descobre uma lâmpada mágica, com um gênio que pode lhe conceder desejos. Agora o rapaz quer conquistar a moça por quem se apaixonou, mas o que ele não sabe é que a jovem é uma princesa que está prestes a se noivar. Com a ajuda do Gênio, ele tenta se passar por um príncipe para conquistar o amor da moça e a confiança do pai dela.",129,2019,United States:PG,Released,en,183000000,1047612394,0.0
1865,tt1298650,Piratas do Caribe: Navegando em Águas Misteriosas,Pirates of the Caribbean: On Stranger Tides,"O passado do capitão Jack Sparrow volta a alcançá-lo quando ele cruza com Angelica, uma bonita pirata que Jack, um dia, amou e depois abandonou. Ela, então, o força a acompanhá-la ao navio Vingança da Rainha Ana, do famoso Barba Negra. Junto com uma tripulação de zumbis, o trio parte em busca da lendária Fonte da Juventude. Mas o rival de Jack, Barbossa, também cobiça a fonte, assim como um navio espanhol.",136,2011,United States:PG-13,Released,en,380000000,1045713802,0.0
324852,tt3469046,Meu Malvado Favorito 3,Despicable Me 3,"O ex-ator mirim e astro de TV, Balthazar Bratt, foi um típico malvado bem-sucedido nos anos 80 e agora está de volta à ativa. Ele vai aterrorizar a vida de Gru, Agnes, Margo, Edith, Dr. Nefario e os atrapalhados Minions. Em meio a tudo isso, Gru também vai encontrar o seu irmão gêmeo, Drew.",96,2017,United States:TV-G,Released,en,80000000,1031552585,0.0
127380,tt2277860,Procurando Dory,Finding Dory,"Amigável, porém esquecida, Dory começa uma busca por seus pais há muito perdidos, e todo mundo aprende alguma coisa sobre o real significado da família ao longo da jornada.",97,2016,United States:TV-G,Released,en,200000000,1028570889,0.0
12155,tt1014759,Alice no País das Maravilhas,Alice in Wonderland,"A Alice de 19 anos de idade, que regressa ao excêntrico mundo que encontrou pela primeira vez quando era criança reunindo-se assim com os seus amigos de infância: o Coelho Branco, Tweedledee e Tweedledum, a Ratazana, a Lagarta, o Gato Cheshire, e claro, o Chapeleiro Louco. Alice embarca numa fantástica viagem para encontrar o seu verdadeiro destino e acabar com o reino de terror da Rainha Vermelha.",109,2010,United States:TV-PG,Released,en,200000000,1025467110,2.0
269149,tt2948356,Zootopia: Essa Cidade é o Bicho,Zootopia,"Judy Hopps é a pequena coelha de uma fazenda isolada, filha de agricultores que plantam cenouras há décadas. Mas ela tem sonhos maiores: pretende se mudar para a cidade grande, Zootopia, onde todas as espécies de animais convivem em harmonia, na intenção de se tornar a primeira coelha policial. Judy enfrenta o preconceito e as manipulações dos outros animais, mas conta com a ajuda inesperada da raposa Nick Wilde, conhecida por sua malícia e suas infrações. A inesperada dupla se dedica à busca de um animal desaparecido, descobrindo uma conspiração que afeta toda a cidade.",108,2016,United States:TV-G,Released,en,150000000,1023784195,1.0
49051,tt0903624,O Hobbit: Uma Jornada Inesperada,The Hobbit: An Unexpected Journey,"Como a maioria dos hobbits, Bilbo Bolseiro leva uma vida tranquila até o dia em que recebe uma missão do mago Gandalf. Acompanhado por um grupo de anões, ele parte numa jornada até a Montanha Solitária para libertar o Reino de Erebor do dragão Smaug.",182,2012,United States:PG-13,Released,en,250000000,1021103568,0.0
155,tt0468569,Batman: O Cavaleiro das Trevas,The Dark Knight,"Após dois anos desde o surgimento do Batman, os criminosos de Gotham City têm muito o que temer. Com a ajuda do tenente James Gordon e do promotor público Harvey Dent, Batman luta contra o crime organizado. Acuados com o combate, os chefes do crime aceitam a proposta feita pelo Coringa e o contratam para combater o Homem-Morcego.",152,2008,United States:TV-14::(LV),Released,en,185000000,1004558444,2.0
671,tt0241527,Harry Potter e a Pedra Filosofal,Harry Potter and the Philosopher's Stone,"Neste filme encantador, adaptado do mágico best-seller de J.K. Rowling, Harry Potter descobre, no seu 11º aniversário que é órfão de dois poderosos bruxos e que possui poderes mágicos. Na Escola de Magia e Bruxaria de Hogwarts, Harry embarca na maior aventura de toda sua vida. Ele aprende a jogar Quadribol, participa de uma emocionante partida de xadrez com peças vivas e enfrenta o Bruxo das Trevas. Para a mais extraordinária aventura espero você na Plataforma 9 ¾.",152,2001,United States:TV-PG::(ABC Family),Released,en,125000000,976475550,0.0
93456,tt1690953,Meu Malvado Favorito 2,Despicable Me 2,"Gru mudou radicalmente sua vida e se dedica às filhotas Agnes, Edith e Margo, deixando de lado os tempos de vilão. Ele só não contava que seu passado fosse responsável pelo seu recrutamento pela Liga Antivilões para salvar o mundo na companhia da agente Lucy. Juntos, eles precisam localizar o criminoso que roubou a fórmula PX41 e Gru desconfia que seu antigo concorrente El Macho possa ser o responsável.",98,2013,United States:TV-PG::(V),Released,en,76000000,970761885,0.0
278927,tt3040964,Mogli - O Menino Lobo,The Jungle Book,"Mogli é um menino criado por uma família de lobos. Mas Mogli sente que não é mais bem-vindo na floresta quando o temido tigre Shere Khan, que carrega cicatrizes causadas por caçadores, promete eliminar o que ele considera uma ameaça. Forçado a abandonar o único lar que conhece, Mogli embarca em uma cativante jornada de autoconhecimento, guiado pela pantera e mentora Bagheera e pelo alegre urso Baloo. Pelo caminho, Mogli encontra criaturas da selva que não são exatamente bondosas, incluindo Kaa, uma cobra cuja voz sedutora e olhar penetrante hipnotizam o menino-lobo, e Rei Loiue, o nobre de fala mansa que tenta convencer Mogli a contar o segredo da ilusória flor vermelha mortal: o fogo.",106,2016,United States:PG,Released,en,175000000,966550600,1.0
353486,tt2283362,Jumanji: Bem-Vindo à Selva,Jumanji: Welcome to the Jungle,"Quatro adolescentes que estão de castigo depois das aulas encontram um console de videogame antigo com um jogo que nunca tinham ouvido falar. Quando decidem jogar, são imediatamente sugados para dentro de uma selva, para o mundo de Jumanji, onde assumem os corpos dos seus avatares. Eles têm que ir até o fim da maior aventura de suas vidas, recheada de diversão, emoções e perigos, ou ficarão para sempre dentro do jogo!",119,2017,United States:PG-13,Released,en,90000000,962102237,0.0
285,tt0449088,Piratas do Caribe: No Fim do Mundo,Pirates of the Caribbean: At World's End,"Will Turner e Elizabeth Swann unem forças com o Capitão Barbossa para libertarem Jack Sparrow da prisão de Davy Jones. Enquanto isso, a tripulação do barco fantasma O Holandês Voador causa estragos nos Sete Mares. Os amigos devem navegar através de águas perigosas para enfrentarem o pirata chinês São Feng e, finalmente, eles devem escolher em que lado ficar na batalha, pois a vida do pirata está em jogo.",169,2007,United States:PG-13,Released,en,300000000,961000000,0.0
57158,tt1170358,O Hobbit: A Desolação de Smaug,The Hobbit: The Desolation of Smaug,"Ao lado de um grupo de anões e de Gandalf, Bilbo segue em direção à Montanha Solitária, onde deverá ajudar seus companheiros a retomar a Pedra de Arken. O problema é que o artefato está perdido em meio a um tesouro protegido pelo temido dragão Smaug.",161,2013,United States:PG-13,Released,en,250000000,958400000,0.0
122917,tt2310332,O Hobbit: A Batalha dos Cinco Exércitos,The Hobbit: The Battle of the Five Armies,"O dragão Smaug lança sua fúria ardente contra a Cidade do Lago que fica próxima da montanha de Erebor. Bard consegue derrotá-lo, mas, rapidamente, sem a ameaça do dragão, inicia-se uma batalha pelo controle de Erebor e sua riqueza. Os anões, liderados por Thorin, adentram a montanha e estão dispostos a impedir a entrada de elfos, anões e orcs. Bilbo Bolseiro e Gandalf tentam impedir a guerra.",144,2014,United States:PG-13,Released,en,250000000,956019788,0.0
12444,tt0926084,Harry Potter e as Relíquias da Morte - Parte 1,Harry Potter and the Deathly Hallows: Part 1,"Harry, Ron e Hermione estão determinados em sua missão de descobrir e acabar com o segredo da imortalidade e do poder de destruição de Voldemort – os Horcruxes. Fugitivos e sozinhos, os três amigos devem apenas contar uns com os outros, agora mas do que nunca... Mas as Forças das Trevas no caminho ameaçam separá-los para sempre.",146,2010,United States:PG-13,Released,en,250000000,954305868,0.0
12,tt0266543,Procurando Nemo,Finding Nemo,"Depois que seu filho é capturado na Grande Barreira de Corais e levado para Sydney, um peixe-palhaço tímido parte em uma jornada para trazê-lo para casa.",100,2003,United States:TV-Y7,Released,en,94000000,940335536,1.0
675,tt0373889,Harry Potter e a Ordem da Fênix,Harry Potter and the Order of the Phoenix,"A rebelião começa! Lord Voldemort está de volta, mas o Ministério da Magia está fazendo tudo a seu alcance para impedir que a comunidade mundial de bruxos descubra isso – incluindo indicar a oficial do Ministério, Dolores Umbridge, como a nova professora de Defesa Contra as Artes das Trevas de Hogwarts. Quando Umbridge se recusa a ensinar a prática de mágica defensiva, Rony e Hermione convencem Harry a secretamente treinar um grupo de estudantes para a guerra de magia que está prestes a estourar. Um terrível combate entre o bem e o mal será o incrível ápice desta versão para o quinto filme da série Harry Potter, mais uma vez baseado na obra de J.K. Rowling. Se prepare para a batalha!",138,2007,United States:PG-13,Released,en,150000000,938212738,0.0
767,tt0417741,Harry Potter e o Enigma do Príncipe,Harry Potter and the Half-Blood Prince,"À medida que Lorde Voldemort aperta seu cerco ao mundo dos Trouxas e dos feiticeiros. Hogwarts deixou de ser um paraiso protegido. Harry suspeita que existam perigos até mesmo dentro do castelo, mas Dumbledore está mais preocupado para a batalha final que está próximo de se iniciar. Juntos, eles se esforçam para descobrir a chave que desbloqueia as defesas de Voldemort e, para isso, Dumbledore recruta seu velho amigo horace slughorn, quem, ele acredita, possuí informações valiosas a respeito. Mesmo quando um confronto decisivo se aproxima, há tempo para romance nos corações de Harry, Ron, Hermione e seus colegas de classe. O amor está no ar, mas o perigo também e Hogwarts poderá nunca mais ser a mesma.",153,2009,United States:PG,Released,en,250000000,933959197,0.0
809,tt0298148,Shrek 2,Shrek 2,"Após se casar com a Princesa Fiona (Cameron Diaz), Shrek (Mike Myers) vive feliz em seu pântano. Ao retornar de sua lua-de-mel Fiona recebe uma carta de seus pais, que não sabem que ela agora é um ogro, convidando-a para um jantar juntamente com seu grande amor, na intenção de conhecê-lo. A muito custo Fiona consegue convencer Shrek a ir visitá-los, tendo ainda a companhia do Burro (Eddie Murphy). Porém os problemas começam quando os pais de Fiona descobrem que ela não se casou com o Príncipe (Rupert Everett), a quem havia sido prometida, e enviam o Gato de Botas (Antonio Banderas) para separá-los.",93,2004,United States:TV-G,Released,en,150000000,928760770,0.0
121,tt0167261,O Senhor dos Anéis: As Duas Torres,The Lord of the Rings: The Two Towers,"Após a captura de Merry e Pippy pelos orcs, a Sociedade do Anel é dissolvida. Frodo e Sam seguem sua jornada rumo à Montanha da Perdição para destruir o anel e descobrem que estão sendo perseguidos pelo misterioso Gollum. Enquanto isso, Aragorn, o elfo e arqueiro Legolas e o anão Gimli partem para resgatar os hobbits sequestrados e chegam ao reino de Rohan, onde o rei Theoden foi vítima de uma maldição mortal de Saruman.",180,2002,United States:PG-13::(Preview Short),Released,en,79000000,926287400,2.0
674,tt0330373,Harry Potter e o Cálice de Fogo,Harry Potter and the Goblet of Fire,"Quando o nome de Harry Potter emerge do Cálice de Fogo, ele se transforma em um competidor em uma extenuante batalha de magia entre três escolas de feiticeiros – o Torneio Tribruxo. Mas se Harry não se inscreveu para o tal torneio, quem o fez? Agora, Harry precisa confrontar um mortal dragão, ferozes demônios da água e um labirinto encantado aonde se deparará com Aquele-Que-Não-Deve-Ser-Nomeado. Nesta quarta adaptação da série Harry Potter, criada por J.K. Rowling, tudo está modificado, a começar pelo próprio Harry e seus inseparáveis amigos, Ron e Hermione, que deixam a infância para sempre e partem para desafios maiores do que tudo aquilo que um dia eles já imaginaram.",157,2005,United States:PG-13,Released,en,150000000,895921036,0.0
424694,tt1727824,Bohemian Rhapsody: A História de Freddie Mercury,Bohemian Rhapsody,"Freddie Mercury e seus companheiros Brian May, Roger Taylor e John Deacon mudam o mundo da música para sempre ao formar a banda Queen, durante a década de 1970. Porém, quando o estilo de vida extravagante de Mercury começa a sair do controle, a banda tem que enfrentar o desafio de conciliar a fama e o sucesso com suas vidas pessoais cada vez mais complicadas.",135,2018,United States:PG-13,Released,en,52000000,894027543,4.0
559,tt0413300,Homem-Aranha 3,Spider-Man 3,"O relacionamento entre Peter Parker e Mary Jane parece estar dando certo, mas outros problemas começam a surgir. A roupa de Homem-Aranha torna-se preta e acaba controlando Peter, que apesar de aumentar seus poderes, revela o lado obscuro de sua personalidade. Os vilões Venon e Homem-Areia tentam destruir o super-herói.",139,2007,United States:TV-PG::(LV),Released,en,258000000,890871626,0.0
8355,tt1080016,A Era do Gelo 3,Ice Age: Dawn of the Dinosaurs,"Junte-se a Scrat, Manny e Diego empenhados numa perigosa missão para salvar o maluco do Sid. Para isso, os amigos têm que se aventurar num misterioso mundo subterrâneo, no qual encontram bem de perto dinossauros, enfrentam a flora e fauna, e conhecem Buck, uma inquieta doninha de um olho só metida a caçadora de dinossauros.",94,2009,United States:TV-G,Released,en,90000000,886686817,0.0
206647,tt2379713,007 Contra Spectre,Spectre,"James Bond chega à Cidade do México e está pronto para eliminar Marco Sciarra sem que o chef M saiba da missão. O caso leva à suspensão temporária do agente, que passa a ser constantemente vigiado pelo governo britânico graças a uma tecnologia implantada em seu corpo por Q. Na tentativa de despistar os inimigos e até mesmo alguns de seus parceiros de trabalho, ele se responsabiliza por ajudar a filha de um desafeto. Toda a situação o leva ao centro de uma temida organização denominada Spectre.",148,2015,United States:PG-13,Released,en,245000000,880674609,1.0
315635,tt2250912,Homem-Aranha: De Volta ao Lar,Spider-Man: Homecoming,"Depois de atuar ao lado dos Vingadores, chegou a hora do pequeno Peter Parker (Tom Holland) voltar para casa e para a sua vida, já não mais tão normal. Lutando diariamente contra pequenos crimes nas redondezas, ele pensa ter encontrado a missão de sua vida quando o terrível vilão Abutre (Michael Keaton) surge amedrontando a cidade. O problema é que a tarefa não será tão fácil como ele imaginava.",133,2017,United States:TV-14::(L),Released,en,175000000,880166924,0.0
57800,tt1667889,A Era do Gelo 4,Ice Age: Continental Drift,"A louca perseguição de Scrat sempre à caça de sua noz inquieta – perseguição à qual ele tem se dedicado desde os primórdios dos tempos – tem consequências que mudam o mundo e causam um cataclismo continental que leva Manny, Diego e Sid a viverem a maior aventura de todos os tempos. Nessa maré de mudanças, Sid acaba reencontrando sua avó turrona, e o bando ainda tem de lidar com uma horda de piratas decididos a impedi-los de voltar para casa.",88,2012,United States:TV-G,Released,en,95000000,877244782,0.0
672,tt0295297,Harry Potter e a Câmara Secreta,Harry Potter and the Chamber of Secrets,"Carros voadores, árvores que lutam e um misterioso elfo, com um aviso ainda mais misterioso. Harry Potter está pronto para dar início ao segundo ano de sua maravilhosa jornada no mundo da bruxaria. Em Hogwarts nesse ano, aranhas falam, cartas dão broncas e a habilidade de Harry para falar com cobras voltará contra ele. De clubes de duelo a jogadores de quadribol desonestos, esse será um ano de aventura e perigo para todos. Quando a mensagem sangrenta na parede anuncia que a Câmara Secreta foi aberta, Harry, Rony e Hermione percebem que para salvar Hogwarts será preciso muita mágica e coragem. Confira essa enfeitiçante adaptação do segundo livro da obra da escritora J.K. Rowling e prepare-se para ficar petrificado quando Harry Potter demonstrar que, mais que um bruxo, é um verdadeiro herói.",161,2002,United States:TV-PG::(ABC Family),Released,en,100000000,876688482,0.0
328111,tt2709768,Pets: A Vida Secreta dos Bichos,The Secret Life of Pets,"Max é um cachorrinho que mora em um apartamento de Manhattan. Quando seu dono traz para casa um vira-lata desleixado chamado Duke, Max não gosta nada, já que o seu tempo de bichinho de estimação favorito parece ter acabado. Mas logo eles vão ter que colocar as divergências de lado pois um coelhinho branco adorável chamado Snowball está construindo um exército de animais abandonados determinados a se vingar de todos os pets que tem dono.",87,2016,United States:TV-G,Released,en,75000000,875457937,0.0
209112,tt2975590,Batman vs Superman: A Origem da Justiça,Batman v Superman: Dawn of Justice,"Temendo que as ações de um super-herói divino não tenham sido controladas, o formidável e vigoroso vigilante de Gotham City enfrenta o salvador mais reverenciado e moderno de Metrópolis, enquanto o mundo luta com o tipo de herói que realmente precisa. E com Batman e Superman em guerra um com o outro, uma nova ameaça rapidamente surge, colocando a humanidade em maior perigo do que nunca antes.",151,2016,United States:PG-13,Released,en,250000000,873634919,0.0
120,tt0120737,O Senhor dos Anéis: A Sociedade do Anel,The Lord of the Rings: The Fellowship of the Ring,"Em uma terra fantástica e única, um hobbit recebe de presente de seu tio um anel mágico e maligno que precisa ser destruído antes que caia nas mãos do mal. Para isso, o hobbit Frodo tem um caminho árduo pela frente, onde encontra perigo, medo e seres bizarros. Ao seu lado para o cumprimento desta jornada, ele aos poucos pode contar com outros hobbits, um elfo, um anão, dois humanos e um mago, totalizando nove pessoas que formam a Sociedade do Anel.",179,2001,United States:PG-13,Released,en,93000000,871368364,4.0
452557,tt7131870,Lobo Guerreiro 2,战狼2,"Depois de realizar uma ação contra uma perigosa organização criminosa e eliminar o filho de um grande traficante, Leng Feng, um soldado do batalhão de forças especiais da China, foi perseguido e terminou se aposentando quando a ameaça acabou. Agora, Feng vive tranquilamente em um barco. Quando um grupo de mercenários começa a atacar um povoado perto de onde Feng está atracado, o ex,soldado se vê obrigado a voltar à ativa, uma vez que jurou proteger os inocentes. Um novo duelo tem início e o inimigo será mais feroz do que nunca!",124,2017,United States:Not Rated,Released,zh,29700000,870322670,0.0
283995,tt3896198,Guardiões da Galáxia - Vol. 2,Guardians of the Galaxy Vol. 2,"Os Guardiões precisam lutar para manter sua recém descoberta família unida, enquanto descobrem os mistérios sobre o verdadeiro pai de Peter Quill.",136,2017,United States:PG-13,Released,en,200000000,863756051,0.0
150540,tt2096673,Divertida Mente,Inside Out,"Baseadas na Sala de Comando, o centro de controle dentro da mente de Riley de 11 anos, cinco emoções trabalham sem parar, lideradas pela otimista Alegria. Ela se esforça muito para garantir que Riley esteja sempre feliz, e trabalha ao lado do Medo, Raiva, Nojinho e Tristeza.",95,2015,United States:TV-G,Released,en,175000000,857611174,1.0
335983,tt1270797,Venom,Venom,"O jornalista Eddie Brock desenvolve força e poder sobre-humanos quando seu corpo se funde com o alienígena Venom. Dominado pela raiva, Venom tenta controlar as novas e perigosas habilidades de Eddie",112,2018,United States:TV-MA::(LV),Released,en,116000000,855013954,0.0
284053,tt3501632,Thor: Ragnarok,Thor: Ragnarok,"Thor está preso do outro lado do universo. Ele precisa correr contra o tempo para voltar a Asgard e parar Ragnarok, a destruição de seu mundo, que está nas mãos da poderosa e implacável vilã Hela.",131,2017,United States:PG-13,Released,en,180000000,853977126,0.0
1895,tt0121766,Star Wars: Episódio III - A Vingança dos Sith,Star Wars: Episode III - Revenge of the Sith,"As Guerras Clônicas estão em pleno andamento e Anakin Skywalker mantém um elo de lealdade com Palpatine, ao mesmo tempo em que luta para que seu casamento com Padmé Amidala não seja afetado por esta situação. Seduzido por promessas de poder, Anakin se aproxima cada vez mais de Darth Sidious até se tornar o temível Darth Vader. Juntos eles tramam um plano para aniquilar de uma vez por todas com os cavaleiros jedi.",140,2005,United States:TV-14::(LV),Released,en,113000000,850000000,0.0
101299,tt1951264,Jogos Vorazes: Em Chamas,The Hunger Games: Catching Fire,"Após saírem vencedores da última edição dos Jogos Vorazes, as atitudes desafiadoras de Katniss e Peeta acabam inspirando uma rebelião contra a opressiva Capital. No entanto, os dois são obrigados a participarem de uma edição especial do torneio, o Massacre Quaternário, que acontece apenas a cada 25 anos, e reúne vencedores das edições anteriores.",146,2013,United States:TV-14::(TV rating),Released,en,130000000,847423452,0.0
8373,tt1055369,Transformers: A Vingança dos Derrotados,Transformers: Revenge of the Fallen,"Passaram-se dois anos desde que Sam Witwicky e os Autobots salvaram a raça humana e tentam ter uma vida normal: Sam está começando a faculdade, enquanto os Autobots trabalham com uma organização militar secreta e tentam construir uma casa para eles na Terra. Porém, um antigo Decepticon conhecido como 'The Fallen' aparece para se vingar, então Sam e sua namorada Mikaela precisam desvendar a história dos Transformes e achar um caminho para derrotá-lo.",150,2009,United States:TV-MA::(LS),Released,en,200000000,836303693,0.0
50620,tt1673434,A Saga Crepúsculo: Amanhecer - Parte 2,The Twilight Saga: Breaking Dawn - Part 2,"Após dar a luz a Renesmee, quase morrer e ser transformada em vampira, Bella agora tem que proteger sua filha da ameaça dos Volturi, juntamente com a ajuda de seu grande amor Edward e seu melhor amigo Jacob.",115,2012,United States:PG-13,Released,en,120000000,829000000,0.0
27205,tt1375666,A Origem,Inception,"Um ladrão que rouba segredos corporativos por meio do uso da tecnologia de compartilhamento de sonhos, recebe a tarefa inversa de plantar uma ideia na mente de um Diretor Executivo.",148,2010,"United States:TV-14::(DLV, TV Rating.)",Released,en,160000000,825532764,4.0
758891,tt13364790,你好，李焕英,你好，李焕英,,128,2021,desconhecida,Released,zh,59000000,822049668,0.0
297762,tt0451279,Mulher-Maravilha,Wonder Woman,"Treinada desde cedo para ser uma guerreira imbatível, Diana Prince (Gal Gadot) nunca saiu da paradisíaca ilha em que é reconhecida como Princesa das Amazonas. Quando o piloto Steve Trevor (Chris Pine) se acidenta e cai numa praia do local, ela descobre que uma guerra sem precedentes está se espalhando pelo mundo e decide deixar seu lar certa de que pode parar o conflito. Lutando para acabar com todas as lutas, Diana percebe o alcance de seus poderes e sua verdadeira missão na Terra.",141,2017,United States:PG-13,Released,en,149000000,821847012,0.0
557,tt0145487,Homem-Aranha,Spider-Man,"Peter Parker é um jovem estudioso que vive com seus tios, Ben e May, desde que seus pais faleceram. Peter tem dificuldade em se relacionar com seus colegas, por ser tímido e por eles o considerarem um nerd. Até que, em uma demonstração científica, um acidente inesperado faz com que uma aranha modificada geneticamente pique Peter. A partir de então seu corpo é quimicamente alterado pela picada da aranha.",121,2002,United States:TV-PG::(LV),Released,en,139000000,821708551,0.0
810,tt0413267,Shrek Terceiro,Shrek the Third,"Quando seu sogro-sapo dá o último coaxo, Shrek embarca em mais uma tresloucada aventura, com Burro e Gato de Botas, para encontrar um novo herdeiro para o trono. O elenco favorito de personagens está de volta e trazendo novos, como Merlin, um mágico trapalhão, um esquisito Arthur, uma turma de poderosas princesas e um bando de surpreendentes aparições. Só mesmo Shrek para contar uma história onde todos vão viver gargalhando para sempre.",92,2007,United States:TV-G::(Cartoon Network),Released,en,160000000,813367380,0.0
259316,tt3183660,Animais Fantásticos e Onde Habitam,Fantastic Beasts and Where to Find Them,"O ano é 1926 e algo misterioso, que ameaça expor o mundo bruxo, está deixando rastros de destruição nas ruas de Nova York. Newt Scamander chega à cidade durante sua excursão mundial para pesquisar e resgatar criaturas mágicas quando o No-Maj Jacbob Kowalski deixa que alguns desses animais escapem acidentalmente da maleta mágica de Newt. Então um grupo de improváveis heróis precisa recuperá-los antes que eles possam causar mais estragos. Só que a missão desse corajoso grupo está prestes a esbarrar com as poderosas forças das trevas.",132,2016,United States:TV-PG::(TV rating),Released,en,180000000,809342332,1.0
354912,tt2380307,Viva: A Vida é uma Festa,Coco,"O aspirante a músico Miguel, deve lidar com sua família que desaprova seu sonho, acaba entrando na Terra dos Mortos para encontrar seu trisavô, um cantor lendário.",109,2017,United States:TV-G,Released,en,175000000,800526015,2.0
512200,tt7975244,Jumanji: Próxima Fase,Jumanji: The Next Level,"Tentado em revisitar o mundo de Jumanji, Spencer (Alex Wolff) decide consertar o jogo de videogame que permite que os jogadores sejam transportados ao local. Logo o quarteto formado por Smolder Bravestone (Dwayne Johnson), Moose Finbar (Kevin Hart), Shelly Oberon (Jack Black) e Ruby Roundhouse (Karen Gillan) ressurge, agora comandado por outras pessoas: os avôs de Spencer e Fridge (Danny DeVito e Danny Glover) assumem as personas de Bravestone e Finbar, enquanto o próprio Fridge (Ser'Darius Blain) agora está sob a pele de Oberon.",123,2019,United States:PG-13,Released,en,125000000,800059707,0.0
166426,tt1790809,Piratas do Caribe: A Vingança de Salazar,Pirates of the Caribbean: Dead Men Tell No Tales,"O Capitão Jack, que anda passando por uma onda de azar, sente os ventos da má sorte soprando com muita força quando os marinheiros fantasmas assassinos, liderados pelo aterrorizante Capitão Salazar (Javier Bardem), escapam do triângulo do diabo decididos a matar todos os piratas em seu caminho, especialmente Jack.",129,2017,United States:PG-13,Released,en,230000000,794861794,0.0
14161,tt1190080,2012,2012,"Bilhões de habitantes da Terra não estão cientes de que o planeta tem uma data de expiração. Com os avisos de um cientista norte-americano, os líderes mundiais começam os preparativos secretos para a sobrevivência de alguns membros da sociedade. Quando o cataclisma global finalmente ocorre, o fracassado escritor Jackson Curtis tenta levar sua família para um lugar seguro quando o mundo começa a desmoronar.",158,2009,United States:PG-13,Released,en,200000000,791217826,0.0
353081,tt4912910,Missão: Impossível - Efeito Fallout,Mission: Impossible - Fallout,"Em uma perigosa tarefa para recuperar plutônio roubado, Ethan Hunt opta por salvar sua equipe em vez de completar a missão. Com isso, armas nucleares caem nas mãos de agentes altamente qualificados e que pertencem a uma rede mortal que deseja destruir a civilização. Agora, com o mundo em risco, Ethan e sua equipe da IMF são forçados a aliar-se a um obstinado agente da CIA.",147,2018,United States:PG-13,Released,en,178000000,791017452,0.0
673,tt0304141,Harry Potter e o Prisioneiro de Azkaban,Harry Potter and the Prisoner of Azkaban,"Quando a desprezível Tia Guida voa pelo céu na noite, Harry parte para o que será seu terceiro ano em Hogwarts. Um passeio no Nôitibus o leva para o Beco Diagonal onde ele fica sabendo que um prisioneiro foragido, Sirius Black está atrás dele. Em Hogwarts, Harry e seus amigos aprendem a delicada arte de se aproximar de um Hipogrifo, como transformar monstros em risadas e até mesmo a voltar no tempo. Dementadores sugadores de almas pairam sobre Hogwarts, ameaçando Harry, enquanto um seguidor de Aquele-Que-Não-Se-Deve-Nomear espreita pela escola. E Harry será forçado a confrontar todos eles. Dirigido por Alfonso Cuarón e baseado no terceiro livro de J.K. Rowling, essa maravilhosa história traz risadas, suspense e surpresas de tirar o fôlego, a especialidade dos filmes de Harry Potter. Prepare-se!",142,2004,United States:TV-PG::(V),Released,en,130000000,789804554,0.0
82992,tt1905041,Velozes & Furiosos 6,Fast & Furious 6,"Desde que o golpe de Dom e Brian no Rio de Janeiro deixou o grupo com US$100 milhões, a equipe se espalhou pelo mundo. Um dia, Hobbs pede a Dom que reúna um grupo de elite em Londres e apreenda uma organização de mercenários nas ruas, cujo mentor é apoiado por Letty, a antiga namorada de Dom que ele acreditava estar morta. A recompensa? Absolvição a todos eles para poderem voltar para as suas casas e tornarem suas famílias completas novamente.",131,2013,United States:PG-13,Released,en,160000000,788680968,0.0
217,tt0367882,Indiana Jones e o Reino da Caveira de Cristal,Indiana Jones and the Kingdom of the Crystal Skull,"Durante a Guerra Fria, Indiana Jones e o jovem Mutt buscam a Caveira de Cristal, um objeto místico de grande valor, mas logo percebem que não estão sozinhos. Soviéticos liderados pela cruel Irina Spalko também querem o objeto para tentar dominar o mundo através dele.",122,2008,United States:PG-13,Released,en,185000000,786636033,0.0
383498,tt5463162,Deadpool 2,Deadpool 2,"Quando o super soldado Cable chega em uma missão para assassinar o jovem mutante Russel, o mercenário Deadpool precisa aprender o que é ser herói de verdade para salvá-lo. Para isso, ele recruta seu velho amigo Colossus e forma o novo grupo X-Force, sempre com o apoio do fiel escudeiro Dopinder.",119,2018,United States:R,Released,en,110000000,786365638,0.0
558,tt0316654,Homem-Aranha 2,Spider-Man 2,"Após derrotar o Duende Verde a vida de Peter Parker muda por completo. Temendo que Mary Jane sofra algum risco por ser ele o Homem-Aranha, Peter continua escondendo o amor que sente e se mantém longe dela. Ao mesmo tempo precisa lidar com Harry, seu melhor amigo, cuja raiva pelo Homem-Aranha aumenta cada vez mais por considerá-lo como sendo o assassino de seu pai.",127,2004,United States:TV-PG::(LV),Released,en,200000000,783766341,1.0
293660,tt1431045,Deadpool,Deadpool,"Baseado no anti-herói não convencional da Marvel Comics, Deadpool conta a história da origem do ex-agente das Forças Especiais que se tornou o mercenário Wade Wilson. Depois de ser submetido a um desonesto experimento que o deixa com poderes de cura acelerada, Wade adota o alter ego de Deadpool. Armado com suas novas habilidades e um senso de humor negro e distorcido, Deadpool persegue o homem que quase destruiu sua vida.",107,2016,United States:TV-MA::(TV rating),Released,en,58000000,783100000,0.0
118340,tt2015381,Guardiões da Galáxia,Guardians of the Galaxy,"O aventureiro do espaço Peter Quill torna-se presa de caçadores de recompensas depois que rouba a esfera de um vilão traiçoeiro, Ronan. Para escapar do perigo, ele faz uma aliança com um grupo de quatro extraterrestres. Quando Quill descobre que a esfera roubada possui um poder capaz de mudar os rumos do universo, ele e seu grupo deverão proteger o objeto para salvar o futuro da galáxia.",121,2014,United States:TV-14::(LV),Released,en,170000000,772776600,0.0
591,tt0382625,O Código Da Vinci,The Da Vinci Code,"Robert Langdon é um famoso simbologista, que foi convocado a comparecer no Museu do Louvre após o assassinato de um curador. A morte deixou uma série de pistas e símbolos estranhos, os quais Langdon precisa decifrar. Em seu trabalho, ele conta com a ajuda de Sophie Neveu, criptógrafa da polícia. Porém, o que Langdon não esperava era que suas investigações o levassem a uma série de mensagens ocultas nas obras de Leonardo Da Vinci, que indicam a existência de uma sociedade secreta que tem por missão guardar um segredo que já dura mais de dois mil anos.",174,2006,United States:PG-13,Released,en,125000000,767820459,0.0
384018,tt6806448,Velozes & Furiosos: Hobbs & Shaw,Fast & Furious Presents: Hobbs & Shaw,O corpulento policial Luke Hobbs se junta ao fora da lei Deckard Shaw para combater um terrorista geneticamente melhorado que tem força sobre-humana.,137,2019,United States:PG-13,Released,en,200000000,760098996,0.0
102651,tt1587310,Malévola,Maleficent,"Motivada por vingança e o desejo feroz de proteger seu reino, Malévola cruelmente coloca uma maldição irrevogável na filha recém-nascida do rei dos humanos, Aurora. Conforme cresce, Aurora enfrenta um conflito fervente entre o reino da floresta, local onde ela cresceu e ama, e o reino humano, que mantém o seu legado. Malévola percebe que Aurora pode ser a chave para a paz no reino e é forçada a tomar medidas drásticas que mudarão para sempre os dois mundos.",97,2014,United States:PG,Released,en,180000000,758539785,0.0
1930,tt0948470,O Espetacular Homem-Aranha,The Amazing Spider-Man,"Peter Parker está tentando saber mais sobre sua origem. Ele encontra uma pasta que pertenceu ao seu pai e quer descobrir por que seus pais desapareceram. Sua busca o leva a Oscorp e ao dr. Curt Connors, que tem como alterego o letal Lagarto.",136,2012,United States:TV-PG,Released,en,215000000,757930663,0.0
49521,tt0770828,O Homem de Aço,Man of Steel,"Um jovem menino aprende que tem poderes extraordinários e não é desta Terra. Quando jovem, ele viaja para descobrir de onde veio e para o quê foi enviado a fazer. Mas o herói nele deve emergir se quiser salvar o mundo da aniquilação e se tornar o símbolo de esperança para toda a humanidade.",143,2013,United States:TV-PG::(Cartoon Network),Released,en,225000000,754045518,0.0
10192,tt0892791,Shrek para Sempre: O Capítulo Final,Shrek Forever After,"Com saudade do tempo em que era um verdadeiro ogro, Shrek assina um contrato enfeitiçado com Rumpelstiltskin e... puf! Em um instante, tudo e todos se transformam. De repente Burro não se lembra de seu melhor amigo, Fiona agora é uma valente princesa guerreira e Gato de Botas é só um gato gordo! Juntos, eles precisam reverter o contrato em apenas 24 horas, para salvar Tão Tão Distante e restaurar seus dias felizes para sempre.",93,2010,United States:PG,Released,en,165000000,752600867,0.0
