nome_streaming,id_filme_TMDB
Apple iTunes,19995
Google Play Movies,19995
Amazon Video,19995
YouTube,19995
Vudu,19995
Microsoft Store,19995
Redbox,19995
DIRECTV,19995
AMC on Demand,19995
Apple iTunes,299534
Google Play Movies,299534
Amazon Video,299534
YouTube,299534
Vudu,299534
Microsoft Store,299534
Redbox,299534
DIRECTV,299534
AMC on Demand,299534
Apple iTunes,140607
Google Play Movies,140607
Amazon Video,140607
YouTube,140607
Vudu,140607
Microsoft Store,140607
Redbox,140607
DIRECTV,140607
AMC on Demand,140607
Apple iTunes,299536
Google Play Movies,299536
Amazon Video,299536
YouTube,299536
Vudu,299536
Microsoft Store,299536
Redbox,299536
DIRECTV,299536
AMC on Demand,299536
Apple iTunes,135397
Google Play Movies,135397
Amazon Video,135397
YouTube,135397
Vudu,135397
Microsoft Store,135397
Redbox,135397
AMC on Demand,135397
Apple iTunes,420818
Google Play Movies,420818
Amazon Video,420818
YouTube,420818
Vudu,420818
Microsoft Store,420818
Redbox,420818
DIRECTV,420818
AMC on Demand,420818
Apple iTunes,24428
Google Play Movies,24428
Amazon Video,24428
YouTube,24428
Vudu,24428
Microsoft Store,24428
Redbox,24428
DIRECTV,24428
AMC on Demand,24428
Apple iTunes,168259
Google Play Movies,168259
Amazon Video,168259
YouTube,168259
Vudu,168259
Microsoft Store,168259
Redbox,168259
DIRECTV,168259
AMC on Demand,168259
Alamo on Demand,168259
Apple iTunes,330457
Google Play Movies,330457
Amazon Video,330457
YouTube,330457
Vudu,330457
Microsoft Store,330457
Redbox,330457
DIRECTV,330457
AMC on Demand,330457
Spectrum On Demand,330457
Apple iTunes,99861
Google Play Movies,99861
Amazon Video,99861
YouTube,99861
Vudu,99861
Microsoft Store,99861
Redbox,99861
DIRECTV,99861
AMC on Demand,99861
Apple iTunes,284054
Google Play Movies,284054
Amazon Video,284054
YouTube,284054
Vudu,284054
Microsoft Store,284054
Redbox,284054
DIRECTV,284054
AMC on Demand,284054
Spectrum On Demand,284054
Apple iTunes,12445
Google Play Movies,12445
Amazon Video,12445
YouTube,12445
Vudu,12445
Microsoft Store,12445
Redbox,12445
DIRECTV,12445
AMC on Demand,12445
Apple iTunes,181808
Google Play Movies,181808
Amazon Video,181808
YouTube,181808
Vudu,181808
Microsoft Store,181808
Redbox,181808
DIRECTV,181808
AMC on Demand,181808
Apple iTunes,351286
Google Play Movies,351286
Amazon Video,351286
YouTube,351286
Vudu,351286
Microsoft Store,351286
Redbox,351286
DIRECTV,351286
AMC on Demand,351286
Apple iTunes,109445
Google Play Movies,109445
Amazon Video,109445
YouTube,109445
Vudu,109445
Microsoft Store,109445
Redbox,109445
DIRECTV,109445
AMC on Demand,109445
Spectrum On Demand,109445
Apple iTunes,321612
Google Play Movies,321612
Amazon Video,321612
YouTube,321612
Vudu,321612
Microsoft Store,321612
Redbox,321612
DIRECTV,321612
AMC on Demand,321612
Spectrum On Demand,321612
Apple iTunes,260513
Google Play Movies,260513
Amazon Video,260513
YouTube,260513
Vudu,260513
Microsoft Store,260513
Redbox,260513
DIRECTV,260513
AMC on Demand,260513
Spectrum On Demand,260513
Apple iTunes,337339
Google Play Movies,337339
Amazon Video,337339
YouTube,337339
Vudu,337339
Microsoft Store,337339
Redbox,337339
DIRECTV,337339
AMC on Demand,337339
Spectrum On Demand,337339
Alamo on Demand,337339
Apple iTunes,68721
Google Play Movies,68721
Amazon Video,68721
YouTube,68721
Vudu,68721
Microsoft Store,68721
Redbox,68721
DIRECTV,68721
AMC on Demand,68721
Apple iTunes,211672
Google Play Movies,211672
Amazon Video,211672
YouTube,211672
Vudu,211672
Microsoft Store,211672
Redbox,211672
AMC on Demand,211672
Spectrum On Demand,211672
Apple iTunes,271110
Google Play Movies,271110
Amazon Video,271110
YouTube,271110
Vudu,271110
Microsoft Store,271110
Redbox,271110
DIRECTV,271110
AMC on Demand,271110
Apple iTunes,297802
Google Play Movies,297802
Amazon Video,297802
YouTube,297802
Vudu,297802
Microsoft Store,297802
Redbox,297802
DIRECTV,297802
AMC on Demand,297802
Apple iTunes,429617
Google Play Movies,429617
Amazon Video,429617
YouTube,429617
Vudu,429617
Microsoft Store,429617
Redbox,429617
DIRECTV,429617
AMC on Demand,429617
Apple iTunes,299537
Google Play Movies,299537
Amazon Video,299537
YouTube,299537
Vudu,299537
Microsoft Store,299537
Redbox,299537
DIRECTV,299537
AMC on Demand,299537
Spectrum On Demand,299537
Apple iTunes,38356
Google Play Movies,38356
Amazon Video,38356
YouTube,38356
Vudu,38356
Microsoft Store,38356
Redbox,38356
DIRECTV,38356
AMC on Demand,38356
Apple iTunes,122
Google Play Movies,122
Amazon Video,122
YouTube,122
Vudu,122
Microsoft Store,122
Redbox,122
DIRECTV,122
AMC on Demand,122
Apple iTunes,37724
Google Play Movies,37724
Amazon Video,37724
YouTube,37724
Vudu,37724
Microsoft Store,37724
Redbox,37724
DIRECTV,37724
Apple iTunes,91314
Google Play Movies,91314
Amazon Video,91314
YouTube,91314
Vudu,91314
Microsoft Store,91314
Redbox,91314
DIRECTV,91314
AMC on Demand,91314
Apple iTunes,49026
Google Play Movies,49026
Amazon Video,49026
YouTube,49026
Vudu,49026
Microsoft Store,49026
Redbox,49026
DIRECTV,49026
AMC on Demand,49026
Apple iTunes,475557
Google Play Movies,475557
Amazon Video,475557
YouTube,475557
Vudu,475557
Microsoft Store,475557
Redbox,475557
DIRECTV,475557
AMC on Demand,475557
Spectrum On Demand,475557
Apple iTunes,181812
Google Play Movies,181812
Amazon Video,181812
YouTube,181812
Vudu,181812
Microsoft Store,181812
Redbox,181812
DIRECTV,181812
AMC on Demand,181812
Apple iTunes,301528
Google Play Movies,301528
Amazon Video,301528
YouTube,301528
Vudu,301528
Microsoft Store,301528
Redbox,301528
DIRECTV,301528
AMC on Demand,301528
Spectrum On Demand,301528
Apple iTunes,10193
Google Play Movies,10193
Amazon Video,10193
YouTube,10193
Vudu,10193
Microsoft Store,10193
Redbox,10193
DIRECTV,10193
AMC on Demand,10193
Apple iTunes,58
Google Play Movies,58
Amazon Video,58
YouTube,58
Vudu,58
Microsoft Store,58
DIRECTV,58
AMC on Demand,58
Apple iTunes,330459
Google Play Movies,330459
Amazon Video,330459
YouTube,330459
Vudu,330459
Microsoft Store,330459
Redbox,330459
DIRECTV,330459
AMC on Demand,330459
Apple iTunes,420817
Google Play Movies,420817
Amazon Video,420817
YouTube,420817
Vudu,420817
Microsoft Store,420817
Redbox,420817
DIRECTV,420817
AMC on Demand,420817
Spectrum On Demand,420817
Apple iTunes,1865
Google Play Movies,1865
Amazon Video,1865
YouTube,1865
Vudu,1865
Microsoft Store,1865
Redbox,1865
DIRECTV,1865
AMC on Demand,1865
Apple iTunes,324852
Google Play Movies,324852
Amazon Video,324852
YouTube,324852
Vudu,324852
Microsoft Store,324852
Redbox,324852
DIRECTV,324852
AMC on Demand,324852
Apple iTunes,127380
Google Play Movies,127380
Amazon Video,127380
YouTube,127380
Vudu,127380
Microsoft Store,127380
Redbox,127380
DIRECTV,127380
AMC on Demand,127380
Spectrum On Demand,127380
Apple iTunes,12155
Google Play Movies,12155
Amazon Video,12155
YouTube,12155
Microsoft Store,12155
Redbox,12155
DIRECTV,12155
Spectrum On Demand,12155
Apple iTunes,269149
Google Play Movies,269149
Amazon Video,269149
YouTube,269149
Vudu,269149
Microsoft Store,269149
Redbox,269149
DIRECTV,269149
AMC on Demand,269149
Spectrum On Demand,269149
Apple iTunes,49051
Google Play Movies,49051
Amazon Video,49051
YouTube,49051
Vudu,49051
Microsoft Store,49051
Redbox,49051
DIRECTV,49051
AMC on Demand,49051
Spectrum On Demand,49051
Apple iTunes,155
Google Play Movies,155
Amazon Video,155
YouTube,155
Vudu,155
Microsoft Store,155
Redbox,155
DIRECTV,155
AMC on Demand,155
Spectrum On Demand,155
Apple iTunes,671
Google Play Movies,671
Amazon Video,671
YouTube,671
Vudu,671
Microsoft Store,671
Redbox,671
DIRECTV,671
AMC on Demand,671
Apple iTunes,93456
Google Play Movies,93456
Amazon Video,93456
YouTube,93456
Vudu,93456
Microsoft Store,93456
Redbox,93456
DIRECTV,93456
AMC on Demand,93456
Spectrum On Demand,93456
Google Play Movies,278927
Amazon Video,278927
YouTube,278927
Vudu,278927
Microsoft Store,278927
DIRECTV,278927
AMC on Demand,278927
Spectrum On Demand,278927
Apple iTunes,353486
Google Play Movies,353486
Amazon Video,353486
YouTube,353486
Vudu,353486
Microsoft Store,353486
Redbox,353486
DIRECTV,353486
AMC on Demand,353486
Apple iTunes,285
Google Play Movies,285
Amazon Video,285
YouTube,285
Vudu,285
Microsoft Store,285
Redbox,285
DIRECTV,285
AMC on Demand,285
Apple iTunes,57158
Google Play Movies,57158
Amazon Video,57158
YouTube,57158
Vudu,57158
Microsoft Store,57158
Redbox,57158
DIRECTV,57158
AMC on Demand,57158
Spectrum On Demand,57158
Apple iTunes,122917
Google Play Movies,122917
Amazon Video,122917
YouTube,122917
Vudu,122917
Microsoft Store,122917
Redbox,122917
DIRECTV,122917
AMC on Demand,122917
Apple iTunes,12444
Google Play Movies,12444
Amazon Video,12444
YouTube,12444
Vudu,12444
Microsoft Store,12444
Redbox,12444
DIRECTV,12444
AMC on Demand,12444
Apple iTunes,12
Google Play Movies,12
Amazon Video,12
YouTube,12
Vudu,12
Microsoft Store,12
Redbox,12
DIRECTV,12
AMC on Demand,12
Apple iTunes,675
Google Play Movies,675
Amazon Video,675
YouTube,675
Vudu,675
Microsoft Store,675
Redbox,675
DIRECTV,675
AMC on Demand,675
Apple iTunes,767
Google Play Movies,767
YouTube,767
Vudu,767
Microsoft Store,767
Redbox,767
DIRECTV,767
AMC on Demand,767
Apple iTunes,809
Google Play Movies,809
Amazon Video,809
YouTube,809
Vudu,809
Redbox,809
AMC on Demand,809
Apple iTunes,121
Google Play Movies,121
Amazon Video,121
YouTube,121
Vudu,121
Microsoft Store,121
Redbox,121
DIRECTV,121
AMC on Demand,121
Apple iTunes,674
Google Play Movies,674
Amazon Video,674
YouTube,674
Vudu,674
Microsoft Store,674
Redbox,674
DIRECTV,674
AMC on Demand,674
Spectrum On Demand,674
Apple iTunes,424694
Google Play Movies,424694
Amazon Video,424694
YouTube,424694
Vudu,424694
Microsoft Store,424694
Redbox,424694
DIRECTV,424694
AMC on Demand,424694
Apple iTunes,559
Google Play Movies,559
Amazon Video,559
YouTube,559
Vudu,559
Microsoft Store,559
Redbox,559
DIRECTV,559
AMC on Demand,559
Apple iTunes,8355
Google Play Movies,8355
Amazon Video,8355
YouTube,8355
Vudu,8355
Microsoft Store,8355
Redbox,8355
DIRECTV,8355
AMC on Demand,8355
Apple iTunes,206647
Google Play Movies,206647
Amazon Video,206647
YouTube,206647
Vudu,206647
Microsoft Store,206647
Redbox,206647
DIRECTV,206647
Apple iTunes,315635
Google Play Movies,315635
Amazon Video,315635
YouTube,315635
Vudu,315635
Microsoft Store,315635
Redbox,315635
DIRECTV,315635
AMC on Demand,315635
Apple iTunes,57800
Google Play Movies,57800
Amazon Video,57800
YouTube,57800
Vudu,57800
Microsoft Store,57800
Redbox,57800
DIRECTV,57800
AMC on Demand,57800
Spectrum On Demand,57800
Apple iTunes,672
Google Play Movies,672
YouTube,672
Vudu,672
Microsoft Store,672
Redbox,672
DIRECTV,672
AMC on Demand,672
Spectrum On Demand,672
Apple iTunes,328111
Google Play Movies,328111
Amazon Video,328111
YouTube,328111
Vudu,328111
Microsoft Store,328111
Redbox,328111
AMC on Demand,328111
Apple iTunes,209112
Google Play Movies,209112
Amazon Video,209112
YouTube,209112
Vudu,209112
Microsoft Store,209112
Redbox,209112
DIRECTV,209112
AMC on Demand,209112
Apple iTunes,120
Google Play Movies,120
Amazon Video,120
YouTube,120
Vudu,120
Microsoft Store,120
Redbox,120
DIRECTV,120
AMC on Demand,120
Spectrum On Demand,120
Apple iTunes,452557
Google Play Movies,452557
Amazon Video,452557
YouTube,452557
KoreaOnDemand,452557
Vudu,452557
Microsoft Store,452557
Redbox,452557
Apple iTunes,283995
Google Play Movies,283995
Amazon Video,283995
YouTube,283995
Vudu,283995
Microsoft Store,283995
Redbox,283995
DIRECTV,283995
AMC on Demand,283995
Apple iTunes,150540
Google Play Movies,150540
Amazon Video,150540
YouTube,150540
Vudu,150540
Microsoft Store,150540
Redbox,150540
DIRECTV,150540
AMC on Demand,150540
Apple iTunes,335983
Google Play Movies,335983
Amazon Video,335983
YouTube,335983
Vudu,335983
Microsoft Store,335983
Redbox,335983
DIRECTV,335983
AMC on Demand,335983
Apple iTunes,284053
Google Play Movies,284053
Amazon Video,284053
Microsoft Store,284053
Redbox,284053
DIRECTV,284053
AMC on Demand,284053
Apple iTunes,1895
Google Play Movies,1895
Amazon Video,1895
YouTube,1895
Vudu,1895
Microsoft Store,1895
Redbox,1895
DIRECTV,1895
AMC on Demand,1895
Spectrum On Demand,1895
Apple iTunes,101299
Google Play Movies,101299
Amazon Video,101299
YouTube,101299
Vudu,101299
Microsoft Store,101299
Redbox,101299
DIRECTV,101299
AMC on Demand,101299
Apple iTunes,8373
Google Play Movies,8373
Amazon Video,8373
YouTube,8373
Vudu,8373
Microsoft Store,8373
Redbox,8373
DIRECTV,8373
AMC on Demand,8373
Spectrum On Demand,8373
Google Play Movies,50620
Amazon Video,50620
YouTube,50620
Vudu,50620
Microsoft Store,50620
Redbox,50620
DIRECTV,50620
AMC on Demand,50620
Spectrum On Demand,50620
Apple iTunes,27205
Google Play Movies,27205
Amazon Video,27205
YouTube,27205
Vudu,27205
Microsoft Store,27205
Redbox,27205
DIRECTV,27205
AMC on Demand,27205
Spectrum On Demand,27205
Apple iTunes,297762
Google Play Movies,297762
Amazon Video,297762
YouTube,297762
Vudu,297762
Microsoft Store,297762
Redbox,297762
DIRECTV,297762
AMC on Demand,297762
Apple iTunes,557
Google Play Movies,557
Amazon Video,557
YouTube,557
Vudu,557
Microsoft Store,557
Redbox,557
DIRECTV,557
AMC on Demand,557
Apple iTunes,810
Google Play Movies,810
Amazon Video,810
YouTube,810
Vudu,810
Redbox,810
AMC on Demand,810
Apple iTunes,259316
Google Play Movies,259316
Amazon Video,259316
YouTube,259316
Vudu,259316
Microsoft Store,259316
Redbox,259316
DIRECTV,259316
AMC on Demand,259316
Apple iTunes,354912
Google Play Movies,354912
Amazon Video,354912
YouTube,354912
Vudu,354912
Microsoft Store,354912
Redbox,354912
DIRECTV,354912
AMC on Demand,354912
Apple iTunes,512200
Google Play Movies,512200
Amazon Video,512200
YouTube,512200
Vudu,512200
Microsoft Store,512200
DIRECTV,512200
AMC on Demand,512200
Apple iTunes,166426
Google Play Movies,166426
Amazon Video,166426
YouTube,166426
Vudu,166426
Microsoft Store,166426
Redbox,166426
DIRECTV,166426
AMC on Demand,166426
Spectrum On Demand,166426
Apple iTunes,14161
Google Play Movies,14161
Amazon Video,14161
YouTube,14161
Vudu,14161
Microsoft Store,14161
Redbox,14161
DIRECTV,14161
AMC on Demand,14161
Apple iTunes,353081
Google Play Movies,353081
Amazon Video,353081
YouTube,353081
Microsoft Store,353081
Redbox,353081
DIRECTV,353081
AMC on Demand,353081
Apple iTunes,673
Google Play Movies,673
YouTube,673
Vudu,673
Microsoft Store,673
Redbox,673
DIRECTV,673
AMC on Demand,673
Apple iTunes,82992
Google Play Movies,82992
Amazon Video,82992
YouTube,82992
Vudu,82992
Microsoft Store,82992
Redbox,82992
DIRECTV,82992
AMC on Demand,82992
Spectrum On Demand,82992
Apple iTunes,217
Google Play Movies,217
Amazon Video,217
YouTube,217
Vudu,217
Microsoft Store,217
Redbox,217
DIRECTV,217
AMC on Demand,217
Spectrum On Demand,217
Apple iTunes,383498
Google Play Movies,383498
Amazon Video,383498
YouTube,383498
Vudu,383498
Microsoft Store,383498
Redbox,383498
DIRECTV,383498
AMC on Demand,383498
Apple iTunes,558
Google Play Movies,558
Amazon Video,558
YouTube,558
Vudu,558
Microsoft Store,558
Redbox,558
DIRECTV,558
AMC on Demand,558
Apple iTunes,293660
Google Play Movies,293660
Amazon Video,293660
YouTube,293660
Vudu,293660
Microsoft Store,293660
Redbox,293660
DIRECTV,293660
AMC on Demand,293660
Apple iTunes,118340
Google Play Movies,118340
Amazon Video,118340
YouTube,118340
Vudu,118340
Microsoft Store,118340
Redbox,118340
DIRECTV,118340
AMC on Demand,118340
Spectrum On Demand,118340
Apple iTunes,591
Google Play Movies,591
Amazon Video,591
YouTube,591
Vudu,591
Microsoft Store,591
Redbox,591
DIRECTV,591
AMC on Demand,591
Apple iTunes,384018
Google Play Movies,384018
Amazon Video,384018
YouTube,384018
Vudu,384018
Microsoft Store,384018
Redbox,384018
DIRECTV,384018
FlixFling,384018
Alamo on Demand,384018
Apple iTunes,102651
Google Play Movies,102651
Amazon Video,102651
YouTube,102651
Vudu,102651
Microsoft Store,102651
Redbox,102651
DIRECTV,102651
AMC on Demand,102651
Apple iTunes,1930
Google Play Movies,1930
Amazon Video,1930
YouTube,1930
Vudu,1930
Microsoft Store,1930
Redbox,1930
DIRECTV,1930
AMC on Demand,1930
Apple iTunes,49521
Google Play Movies,49521
Amazon Video,49521
YouTube,49521
Vudu,49521
Microsoft Store,49521
Redbox,49521
DIRECTV,49521
AMC on Demand,49521
Spectrum On Demand,49521
Apple iTunes,10192
Google Play Movies,10192
Amazon Video,10192
YouTube,10192
Vudu,10192
Redbox,10192
AMC on Demand,10192
